event,start,end,hours,peak
nursery-2 100 L pH outside 5.5–6.5,2026-09-14 18:10:00+07:00,2026-09-14 18:30:00+07:00,0.5,7.22
nursery-2 100 L pH outside 5.5–6.5,2026-09-14 16:50:00+07:00,2026-09-14 17:10:00+07:00,0.5,7.22
nursery-2 100 L pH outside 5.5–6.5,2026-09-14 15:40:00+07:00,2026-09-14 16:00:00+07:00,0.5,7.23
nursery-2 100 L pH outside 5.5–6.5,2026-09-14 14:10:00+07:00,2026-09-14 15:20:00+07:00,1.3,7.21
nursery-2 100 L pH outside 5.5–6.5,2026-09-14 12:10:00+07:00,2026-09-14 13:50:00+07:00,1.8,7.22
nursery-2 100 L pH outside 5.5–6.5,2026-09-14 11:30:00+07:00,2026-09-14 11:50:00+07:00,0.5,7.21
nursery-2 100 L pH outside 5.5–6.5,2026-09-14 10:40:00+07:00,2026-09-14 11:10:00+07:00,0.7,7.19
nursery-2 100 L pH outside 5.5–6.5,2026-09-14 09:00:00+07:00,2026-09-14 10:20:00+07:00,1.5,7.21
nursery-2 100 L pH outside 5.5–6.5,2026-09-14 07:10:00+07:00,2026-09-14 08:40:00+07:00,1.7,7.24
nursery-2 100 L pH outside 5.5–6.5,2026-09-12 19:00:00+07:00,2026-09-14 06:50:00+07:00,36.0,7.21
nursery-2 100 L pH outside 5.5–6.5,2026-09-12 15:30:00+07:00,2026-09-12 18:40:00+07:00,3.3,7.16
growing 200 L pH outside 5.5–6.5,2026-09-12 14:50:00+07:00,2026-09-12 15:40:00+07:00,1.0,6.67
growing 200 L pH outside 5.5–6.5,2026-09-12 13:50:00+07:00,2026-09-12 14:30:00+07:00,0.8,6.75
growing 200 L pH outside 5.5–6.5,2026-09-12 13:00:00+07:00,2026-09-12 13:20:00+07:00,0.5,6.91
growing 200 L |EC − setpoint| > 0.3,2026-09-12 12:20:00+07:00,2026-09-12 12:50:00+07:00,0.7,1.26
growing 200 L pH outside 5.5–6.5,2026-09-12 10:40:00+07:00,2026-09-12 12:40:00+07:00,2.2,7.4
nursery-2 100 L pH outside 5.5–6.5,2026-09-10 10:50:00+07:00,2026-09-10 11:10:00+07:00,0.5,6.86
nursery-2 100 L pH outside 5.5–6.5,2026-09-10 03:10:00+07:00,2026-09-10 04:00:00+07:00,1.0,6.91
nursery-2 100 L pH outside 5.5–6.5,2026-09-10 02:00:00+07:00,2026-09-10 02:20:00+07:00,0.5,6.93
nursery-2 100 L pH outside 5.5–6.5,2026-09-10 01:10:00+07:00,2026-09-10 01:40:00+07:00,0.7,6.96
nursery-2 100 L pH outside 5.5–6.5,2026-09-10 00:10:00+07:00,2026-09-10 00:50:00+07:00,0.8,6.94
nursery-2 100 L pH outside 5.5–6.5,2026-09-09 23:00:00+07:00,2026-09-09 23:30:00+07:00,0.7,6.93
nursery-2 100 L pH outside 5.5–6.5,2026-09-09 22:10:00+07:00,2026-09-09 22:40:00+07:00,0.7,6.95
nursery-2 100 L pH outside 5.5–6.5,2026-09-09 21:00:00+07:00,2026-09-09 21:20:00+07:00,0.5,6.9
nursery-2 100 L pH outside 5.5–6.5,2026-09-09 19:30:00+07:00,2026-09-09 19:50:00+07:00,0.5,6.87
nursery-2 100 L pH outside 5.5–6.5,2026-09-09 14:00:00+07:00,2026-09-09 18:40:00+07:00,4.8,6.92
nursery-2 100 L pH outside 5.5–6.5,2026-09-09 11:30:00+07:00,2026-09-09 13:40:00+07:00,2.3,6.94
nursery-2 100 L pH outside 5.5–6.5,2026-09-09 08:50:00+07:00,2026-09-09 11:10:00+07:00,2.5,6.93
nursery-2 100 L pH outside 5.5–6.5,2026-09-08 23:20:00+07:00,2026-09-09 08:30:00+07:00,9.3,6.89
nursery-2 100 L pH outside 5.5–6.5,2026-09-08 22:10:00+07:00,2026-09-08 22:40:00+07:00,0.7,6.8
growing 200 L pH outside 5.5–6.5,2026-09-08 22:00:00+07:00,2026-09-08 22:20:00+07:00,0.5,6.95
nursery-2 100 L pH outside 5.5–6.5,2026-09-08 13:20:00+07:00,2026-09-08 21:50:00+07:00,8.7,6.85
nursery-2 100 L pH outside 5.5–6.5,2026-09-07 23:20:00+07:00,2026-09-08 13:00:00+07:00,13.8,6.79
nursery-2 100 L pH outside 5.5–6.5,2026-09-07 21:30:00+07:00,2026-09-07 23:00:00+07:00,1.7,6.76
nursery-2 100 L pH outside 5.5–6.5,2026-09-07 20:20:00+07:00,2026-09-07 21:10:00+07:00,1.0,6.7
nursery-2 100 L pH outside 5.5–6.5,2026-09-07 18:20:00+07:00,2026-09-07 20:00:00+07:00,1.8,6.76
nursery-2 100 L pH outside 5.5–6.5,2026-09-07 12:10:00+07:00,2026-09-07 18:00:00+07:00,6.0,6.75
nursery-2 100 L pH outside 5.5–6.5,2026-09-07 10:30:00+07:00,2026-09-07 10:50:00+07:00,0.5,6.7
growing 200 L pH outside 5.5–6.5,2026-09-06 19:10:00+07:00,2026-09-06 21:10:00+07:00,2.2,6.93
nursery-2 100 L pH outside 5.5–6.5,2026-09-06 19:00:00+07:00,2026-09-06 20:00:00+07:00,1.2,6.61
nursery-2 100 L pH outside 5.5–6.5,2026-09-06 17:40:00+07:00,2026-09-06 18:00:00+07:00,0.5,6.57
growing 200 L pH outside 5.5–6.5,2026-09-06 16:10:00+07:00,2026-09-06 18:20:00+07:00,2.3,6.91
nursery-2 100 L pH outside 5.5–6.5,2026-09-06 14:20:00+07:00,2026-09-06 15:30:00+07:00,1.3,6.55
nursery-2 100 L pH outside 5.5–6.5,2026-09-06 09:50:00+07:00,2026-09-06 10:50:00+07:00,1.2,6.52
growing 200 L pH outside 5.5–6.5,2026-09-05 23:30:00+07:00,2026-09-06 13:50:00+07:00,14.5,6.91
growing 200 L pH outside 5.5–6.5,2026-09-05 16:30:00+07:00,2026-09-05 23:10:00+07:00,6.8,6.89
growing 200 L pH outside 5.5–6.5,2026-09-05 15:20:00+07:00,2026-09-05 16:10:00+07:00,1.0,6.85
growing 200 L pH outside 5.5–6.5,2026-09-05 10:50:00+07:00,2026-09-05 15:00:00+07:00,4.3,6.84
growing 200 L pH outside 5.5–6.5,2026-09-05 00:20:00+07:00,2026-09-05 10:30:00+07:00,10.3,6.83
growing 200 L pH outside 5.5–6.5,2026-09-04 22:40:00+07:00,2026-09-04 23:40:00+07:00,1.2,6.74
growing 200 L pH outside 5.5–6.5,2026-09-04 21:30:00+07:00,2026-09-04 22:20:00+07:00,1.0,6.72
growing 200 L pH outside 5.5–6.5,2026-09-04 17:10:00+07:00,2026-09-04 20:40:00+07:00,3.7,6.86
growing 200 L pH outside 5.5–6.5,2026-09-04 12:00:00+07:00,2026-09-04 16:50:00+07:00,5.0,6.76
growing 200 L pH outside 5.5–6.5,2026-09-04 10:40:00+07:00,2026-09-04 11:40:00+07:00,1.2,6.68
growing 200 L pH outside 5.5–6.5,2026-09-04 07:30:00+07:00,2026-09-04 10:20:00+07:00,3.0,6.7
growing 200 L pH outside 5.5–6.5,2026-09-03 22:50:00+07:00,2026-09-04 07:10:00+07:00,8.5,6.68
growing 200 L pH outside 5.5–6.5,2026-09-03 19:30:00+07:00,2026-09-03 22:30:00+07:00,3.2,6.61
growing 200 L pH outside 5.5–6.5,2026-09-03 13:00:00+07:00,2026-09-03 16:20:00+07:00,3.5,6.93
growing 200 L pH outside 5.5–6.5,2026-09-03 08:50:00+07:00,2026-09-03 12:40:00+07:00,4.0,7.07
growing 200 L pH outside 5.5–6.5,2026-09-03 07:20:00+07:00,2026-09-03 08:30:00+07:00,1.3,7.06
growing 200 L pH outside 5.5–6.5,2026-09-02 22:30:00+07:00,2026-09-03 07:00:00+07:00,8.7,7.07
growing 200 L pH outside 5.5–6.5,2026-09-02 21:10:00+07:00,2026-09-02 22:10:00+07:00,1.2,6.97
growing 200 L pH outside 5.5–6.5,2026-09-02 07:50:00+07:00,2026-09-02 20:50:00+07:00,13.2,6.95
growing 200 L pH outside 5.5–6.5,2026-09-02 01:40:00+07:00,2026-09-02 07:30:00+07:00,6.0,6.76
growing 200 L pH outside 5.5–6.5,2026-09-01 23:30:00+07:00,2026-09-02 01:20:00+07:00,2.0,6.72
growing 200 L pH outside 5.5–6.5,2026-09-01 21:10:00+07:00,2026-09-01 23:10:00+07:00,2.2,6.74
growing 200 L pH outside 5.5–6.5,2026-09-01 20:20:00+07:00,2026-09-01 20:50:00+07:00,0.7,6.66
growing 200 L pH outside 5.5–6.5,2026-09-01 19:00:00+07:00,2026-09-01 20:00:00+07:00,1.2,6.58
growing 200 L pH outside 5.5–6.5,2026-09-01 18:20:00+07:00,2026-09-01 18:40:00+07:00,0.5,6.54
growing 200 L pH outside 5.5–6.5,2026-09-01 17:30:00+07:00,2026-09-01 18:00:00+07:00,0.7,6.54
nursery-2 100 L pH outside 5.5–6.5,2026-08-31 12:30:00+07:00,2026-08-31 16:30:00+07:00,4.2,7.09
nursery-2 100 L pH outside 5.5–6.5,2026-08-31 10:00:00+07:00,2026-08-31 12:10:00+07:00,2.3,7.1
nursery-2 100 L pH outside 5.5–6.5,2026-08-29 00:20:00+07:00,2026-08-29 00:50:00+07:00,0.7,5.48
nursery-2 100 L pH outside 5.5–6.5,2026-08-28 23:10:00+07:00,2026-08-29 00:00:00+07:00,1.0,5.37
growing 200 L pH outside 5.5–6.5,2026-08-27 07:30:00+07:00,2026-08-27 07:50:00+07:00,0.5,5.41
nursery-2 100 L |EC − setpoint| > 0.3,2026-08-26 23:00:00+07:00,2026-08-27 00:10:00+07:00,1.3,0.32
nursery-2 100 L |EC − setpoint| > 0.3,2026-08-26 22:10:00+07:00,2026-08-26 22:30:00+07:00,0.5,0.33
nursery-2 100 L |EC − setpoint| > 0.3,2026-08-26 18:30:00+07:00,2026-08-26 21:50:00+07:00,3.5,0.34
nursery-2 100 L |EC − setpoint| > 0.3,2026-08-26 07:30:00+07:00,2026-08-26 14:20:00+07:00,7.0,0.38
nursery-2 100 L |EC − setpoint| > 0.3,2026-08-26 00:10:00+07:00,2026-08-26 07:10:00+07:00,7.2,0.41
nursery-2 100 L |EC − setpoint| > 0.3,2026-08-25 23:30:00+07:00,2026-08-25 23:50:00+07:00,0.5,0.39
nursery-2 100 L |EC − setpoint| > 0.3,2026-08-25 18:50:00+07:00,2026-08-25 23:10:00+07:00,4.5,0.41
nursery-2 100 L |EC − setpoint| > 0.3,2026-08-25 17:00:00+07:00,2026-08-25 17:50:00+07:00,1.0,0.39
nursery-2 100 L |EC − setpoint| > 0.3,2026-08-25 14:40:00+07:00,2026-08-25 16:30:00+07:00,2.0,0.4
nursery-2 100 L |EC − setpoint| > 0.3,2026-08-25 13:10:00+07:00,2026-08-25 14:20:00+07:00,1.3,0.39
nursery-2 100 L pH outside 5.5–6.5,2026-08-25 08:10:00+07:00,2026-08-25 17:00:00+07:00,9.0,7.35
nursery-2 100 L pH outside 5.5–6.5,2026-08-25 07:20:00+07:00,2026-08-25 07:50:00+07:00,0.7,7.05
nursery-2 100 L |EC − setpoint| > 0.3,2026-08-25 02:20:00+07:00,2026-08-25 03:10:00+07:00,1.0,0.39
nursery-2 100 L |EC − setpoint| > 0.3,2026-08-25 01:30:00+07:00,2026-08-25 02:00:00+07:00,0.7,0.41
nursery-2 100 L |EC − setpoint| > 0.3,2026-08-24 23:00:00+07:00,2026-08-24 23:20:00+07:00,0.5,0.38
nursery-2 100 L pH outside 5.5–6.5,2026-08-24 22:20:00+07:00,2026-08-25 07:00:00+07:00,8.8,7.04
nursery-2 100 L |EC − setpoint| > 0.3,2026-08-24 18:20:00+07:00,2026-08-24 18:50:00+07:00,0.7,0.32
nursery-2 100 L pH outside 5.5–6.5,2026-08-24 18:20:00+07:00,2026-08-24 22:00:00+07:00,3.8,6.88
growing 200 L pH outside 5.5–6.5,2026-08-24 15:40:00+07:00,2026-08-24 16:00:00+07:00,0.5,6.6
nursery-2 100 L pH outside 5.5–6.5,2026-08-24 13:40:00+07:00,2026-08-24 18:00:00+07:00,4.5,6.78
growing 200 L |EC − setpoint| > 0.3,2026-08-24 12:40:00+07:00,2026-08-24 13:30:00+07:00,1.0,0.32
growing 200 L |EC − setpoint| > 0.3,2026-08-24 10:50:00+07:00,2026-08-24 12:20:00+07:00,1.7,0.55
nursery-2 100 L |EC − setpoint| > 0.3,2026-08-24 09:00:00+07:00,2026-08-24 13:50:00+07:00,5.0,0.84
nursery-2 100 L |EC − setpoint| > 0.3,2026-08-24 07:20:00+07:00,2026-08-24 08:40:00+07:00,1.5,0.8
nursery-2 100 L pH outside 5.5–6.5,2026-08-23 06:10:00+07:00,2026-08-23 07:30:00+07:00,1.5,5.48
nursery-2 100 L pH outside 5.5–6.5,2026-08-23 04:30:00+07:00,2026-08-23 05:50:00+07:00,1.5,5.5
nursery-2 100 L pH outside 5.5–6.5,2026-08-22 09:40:00+07:00,2026-08-22 16:20:00+07:00,6.8,5.5
nursery-2 100 L pH outside 5.5–6.5,2026-08-22 06:40:00+07:00,2026-08-22 09:20:00+07:00,2.8,5.49
nursery-2 100 L pH outside 5.5–6.5,2026-08-21 19:30:00+07:00,2026-08-21 21:30:00+07:00,2.2,5.49
nursery-2 100 L pH outside 5.5–6.5,2026-08-21 16:20:00+07:00,2026-08-21 19:10:00+07:00,3.0,5.5
growing 200 L pH outside 5.5–6.5,2026-08-20 16:10:00+07:00,2026-08-20 16:30:00+07:00,0.5,5.45
growing 200 L pH outside 5.5–6.5,2026-08-20 14:00:00+07:00,2026-08-20 15:30:00+07:00,1.7,6.71
growing 200 L pH outside 5.5–6.5,2026-08-20 08:30:00+07:00,2026-08-20 13:40:00+07:00,5.3,7.23
growing 200 L pH outside 5.5–6.5,2026-08-20 07:30:00+07:00,2026-08-20 08:10:00+07:00,0.8,7.26
growing 200 L pH outside 5.5–6.5,2026-08-20 00:20:00+07:00,2026-08-20 07:10:00+07:00,7.0,7.27
growing 200 L pH outside 5.5–6.5,2026-08-19 22:50:00+07:00,2026-08-19 23:30:00+07:00,0.8,7.22
growing 200 L pH outside 5.5–6.5,2026-08-19 21:40:00+07:00,2026-08-19 22:00:00+07:00,0.5,7.17
growing 200 L pH outside 5.5–6.5,2026-08-19 11:40:00+07:00,2026-08-19 21:00:00+07:00,9.5,7.17
growing 200 L |EC − setpoint| > 0.3,2026-08-18 16:00:00+07:00,2026-08-18 16:30:00+07:00,0.7,0.66
growing 200 L pH outside 5.5–6.5,2026-08-18 16:00:00+07:00,2026-08-18 16:20:00+07:00,0.5,6.83
nursery-2 100 L |EC − setpoint| > 0.3,2026-08-18 12:20:00+07:00,2026-08-18 15:40:00+07:00,3.5,0.38
growing 200 L pH outside 5.5–6.5,2026-08-18 09:40:00+07:00,2026-08-18 10:50:00+07:00,1.3,5.5
nursery-2 100 L |EC − setpoint| > 0.3,2026-08-18 09:00:00+07:00,2026-08-18 12:00:00+07:00,3.2,0.55
nursery-2 100 L pH outside 5.5–6.5,2026-08-18 09:00:00+07:00,2026-08-18 12:00:00+07:00,3.2,7.35
nursery-2 100 L |EC − setpoint| > 0.3,2026-08-18 04:40:00+07:00,2026-08-18 08:30:00+07:00,4.0,0.5
nursery-2 100 L pH outside 5.5–6.5,2026-08-18 04:40:00+07:00,2026-08-18 08:30:00+07:00,4.0,7.36
xy_md_22 (room) RH > 85 %,2026-08-18 03:00:00+07:00,2026-08-18 03:20:00+07:00,0.5,92.2
nursery-2 100 L |EC − setpoint| > 0.3,2026-08-18 00:30:00+07:00,2026-08-18 04:20:00+07:00,4.0,0.51
nursery-2 100 L pH outside 5.5–6.5,2026-08-18 00:30:00+07:00,2026-08-18 04:20:00+07:00,4.0,7.32
nursery-2 100 L |EC − setpoint| > 0.3,2026-08-17 21:50:00+07:00,2026-08-18 00:10:00+07:00,2.5,0.5
nursery-2 100 L pH outside 5.5–6.5,2026-08-17 21:50:00+07:00,2026-08-18 00:10:00+07:00,2.5,7.26
growing 200 L pH outside 5.5–6.5,2026-08-17 17:30:00+07:00,2026-08-17 21:10:00+07:00,3.8,5.49
nursery-2 100 L pH outside 5.5–6.5,2026-08-17 07:50:00+07:00,2026-08-17 21:10:00+07:00,13.5,7.22
nursery-2 100 L |EC − setpoint| > 0.3,2026-08-17 07:50:00+07:00,2026-08-17 21:10:00+07:00,13.5,0.52
growing 200 L pH outside 5.5–6.5,2026-08-17 07:50:00+07:00,2026-08-17 17:10:00+07:00,9.5,5.48
growing 200 L pH outside 5.5–6.5,2026-08-16 16:20:00+07:00,2026-08-17 07:30:00+07:00,15.3,5.48
nursery-2 100 L |EC − setpoint| > 0.3,2026-08-16 16:20:00+07:00,2026-08-17 07:30:00+07:00,15.3,0.49
nursery-2 100 L pH outside 5.5–6.5,2026-08-16 16:20:00+07:00,2026-08-17 07:30:00+07:00,15.3,7.08
nursery-2 100 L |EC − setpoint| > 0.3,2026-08-16 05:50:00+07:00,2026-08-16 16:00:00+07:00,10.3,0.41
nursery-2 100 L |EC − setpoint| > 0.3,2026-08-16 04:40:00+07:00,2026-08-16 05:30:00+07:00,1.0,0.32
nursery-2 100 L pH outside 5.5–6.5,2026-08-16 01:20:00+07:00,2026-08-16 16:00:00+07:00,14.8,6.78
growing 200 L pH outside 5.5–6.5,2026-08-15 21:20:00+07:00,2026-08-16 16:00:00+07:00,18.8,5.43
growing 200 L pH outside 5.5–6.5,2026-08-14 11:00:00+07:00,2026-08-14 12:10:00+07:00,1.3,5.49
growing 200 L pH outside 5.5–6.5,2026-08-14 09:40:00+07:00,2026-08-14 10:40:00+07:00,1.2,5.47
growing 200 L pH outside 5.5–6.5,2026-08-14 06:40:00+07:00,2026-08-14 09:20:00+07:00,2.8,5.49
growing 200 L pH outside 5.5–6.5,2026-08-14 03:00:00+07:00,2026-08-14 05:50:00+07:00,3.0,5.48
nursery-2 100 L pH outside 5.5–6.5,2026-08-13 20:40:00+07:00,2026-08-13 21:00:00+07:00,0.5,5.5
growing 200 L pH outside 5.5–6.5,2026-08-13 14:00:00+07:00,2026-08-13 15:40:00+07:00,1.8,5.48
growing 200 L pH outside 5.5–6.5,2026-08-13 06:10:00+07:00,2026-08-13 13:20:00+07:00,7.3,5.47
growing 200 L pH outside 5.5–6.5,2026-08-12 16:00:00+07:00,2026-08-12 17:10:00+07:00,1.3,5.5
growing 200 L pH outside 5.5–6.5,2026-08-12 08:30:00+07:00,2026-08-12 11:00:00+07:00,2.7,5.5
growing 200 L pH outside 5.5–6.5,2026-08-11 11:00:00+07:00,2026-08-11 12:20:00+07:00,1.5,5.5
growing 200 L pH outside 5.5–6.5,2026-08-09 14:40:00+07:00,2026-08-09 15:00:00+07:00,0.5,5.14
growing 200 L pH outside 5.5–6.5,2026-08-05 10:20:00+07:00,2026-08-05 10:40:00+07:00,0.5,5.49
nursery-2 100 L |EC − setpoint| > 0.3,2026-08-05 09:00:00+07:00,2026-08-05 11:40:00+07:00,2.8,0.5
nursery-2 100 L pH outside 5.5–6.5,2026-08-05 09:00:00+07:00,2026-08-05 11:40:00+07:00,2.8,6.68
nursery-2 100 L pH outside 5.5–6.5,2026-08-05 07:30:00+07:00,2026-08-05 08:40:00+07:00,1.3,6.64
nursery-2 100 L |EC − setpoint| > 0.3,2026-08-05 07:30:00+07:00,2026-08-05 08:40:00+07:00,1.3,0.46
growing 200 L pH outside 5.5–6.5,2026-08-05 05:10:00+07:00,2026-08-05 07:10:00+07:00,2.2,5.5
nursery-2 100 L pH outside 5.5–6.5,2026-08-05 05:00:00+07:00,2026-08-05 07:10:00+07:00,2.3,6.59
nursery-2 100 L |EC − setpoint| > 0.3,2026-08-04 23:10:00+07:00,2026-08-05 07:10:00+07:00,8.2,0.44
growing 200 L pH outside 5.5–6.5,2026-08-04 20:30:00+07:00,2026-08-04 21:30:00+07:00,1.2,5.49
growing 200 L pH outside 5.5–6.5,2026-08-04 18:20:00+07:00,2026-08-04 20:00:00+07:00,1.8,5.49
nursery-2 100 L pH outside 5.5–6.5,2026-08-04 10:50:00+07:00,2026-08-04 12:40:00+07:00,2.0,5.49
nursery-2 100 L pH outside 5.5–6.5,2026-08-04 09:10:00+07:00,2026-08-04 09:40:00+07:00,0.7,5.48
nursery-2 100 L pH outside 5.5–6.5,2026-08-04 07:10:00+07:00,2026-08-04 07:50:00+07:00,0.8,5.49
nursery-2 100 L pH outside 5.5–6.5,2026-08-04 05:40:00+07:00,2026-08-04 06:10:00+07:00,0.7,5.48
nursery-2 100 L pH outside 5.5–6.5,2026-08-04 04:10:00+07:00,2026-08-04 04:40:00+07:00,0.7,5.48
nursery-2 100 L pH outside 5.5–6.5,2026-08-04 02:10:00+07:00,2026-08-04 02:50:00+07:00,0.8,5.49
growing 200 L pH outside 5.5–6.5,2026-08-04 02:10:00+07:00,2026-08-04 17:50:00+07:00,15.8,5.42
nursery-2 100 L pH outside 5.5–6.5,2026-08-04 00:50:00+07:00,2026-08-04 01:10:00+07:00,0.5,5.46
nursery-2 100 L pH outside 5.5–6.5,2026-08-03 23:00:00+07:00,2026-08-03 23:30:00+07:00,0.7,5.49
nursery-2 100 L pH outside 5.5–6.5,2026-08-03 21:20:00+07:00,2026-08-03 21:40:00+07:00,0.5,5.47
nursery-2 100 L pH outside 5.5–6.5,2026-08-03 20:00:00+07:00,2026-08-03 20:20:00+07:00,0.5,5.5
nursery-2 100 L pH outside 5.5–6.5,2026-08-03 18:10:00+07:00,2026-08-03 18:40:00+07:00,0.7,5.49
growing 200 L pH outside 5.5–6.5,2026-08-03 17:50:00+07:00,2026-08-03 19:20:00+07:00,1.7,5.48
nursery-2 100 L pH outside 5.5–6.5,2026-08-03 16:50:00+07:00,2026-08-03 17:20:00+07:00,0.7,5.49
nursery-2 100 L pH outside 5.5–6.5,2026-08-03 15:20:00+07:00,2026-08-03 15:40:00+07:00,0.5,5.49
nursery-2 100 L pH outside 5.5–6.5,2026-08-03 13:20:00+07:00,2026-08-03 14:00:00+07:00,0.8,5.48
nursery-2 100 L pH outside 5.5–6.5,2026-08-03 11:30:00+07:00,2026-08-03 12:30:00+07:00,1.2,5.5
growing 200 L pH outside 5.5–6.5,2026-08-03 10:50:00+07:00,2026-08-03 17:00:00+07:00,6.3,5.5
nursery-2 100 L pH outside 5.5–6.5,2026-08-03 10:00:00+07:00,2026-08-03 10:30:00+07:00,0.7,5.45
growing 200 L pH outside 5.5–6.5,2026-08-03 09:00:00+07:00,2026-08-03 10:30:00+07:00,1.7,5.45
nursery-2 100 L pH outside 5.5–6.5,2026-08-03 06:50:00+07:00,2026-08-03 07:40:00+07:00,1.0,5.5
nursery-2 100 L pH outside 5.5–6.5,2026-08-03 05:30:00+07:00,2026-08-03 06:10:00+07:00,0.8,5.48
nursery-2 100 L pH outside 5.5–6.5,2026-08-03 04:10:00+07:00,2026-08-03 04:40:00+07:00,0.7,5.47
nursery-2 100 L pH outside 5.5–6.5,2026-08-03 02:40:00+07:00,2026-08-03 03:10:00+07:00,0.7,5.47
nursery-2 100 L pH outside 5.5–6.5,2026-08-03 01:20:00+07:00,2026-08-03 02:00:00+07:00,0.8,5.5
nursery-2 100 L pH outside 5.5–6.5,2026-08-03 00:00:00+07:00,2026-08-03 00:30:00+07:00,0.7,5.48
nursery-2 100 L pH outside 5.5–6.5,2026-08-02 22:30:00+07:00,2026-08-02 23:00:00+07:00,0.7,5.46
nursery-2 100 L pH outside 5.5–6.5,2026-08-02 21:10:00+07:00,2026-08-02 21:50:00+07:00,0.8,5.49
nursery-2 100 L pH outside 5.5–6.5,2026-08-02 19:50:00+07:00,2026-08-02 20:10:00+07:00,0.5,5.46
nursery-2 100 L pH outside 5.5–6.5,2026-08-02 18:20:00+07:00,2026-08-02 18:50:00+07:00,0.7,5.46
nursery-2 100 L pH outside 5.5–6.5,2026-08-02 16:00:00+07:00,2026-08-02 16:20:00+07:00,0.5,5.47
nursery-2 100 L pH outside 5.5–6.5,2026-08-02 14:40:00+07:00,2026-08-02 15:10:00+07:00,0.7,5.47
nursery-2 100 L pH outside 5.5–6.5,2026-08-02 13:20:00+07:00,2026-08-02 13:50:00+07:00,0.7,5.46
nursery-2 100 L pH outside 5.5–6.5,2026-08-02 12:00:00+07:00,2026-08-02 12:40:00+07:00,0.8,5.49
nursery-2 100 L pH outside 5.5–6.5,2026-08-02 10:50:00+07:00,2026-08-02 11:20:00+07:00,0.7,5.49
nursery-2 100 L pH outside 5.5–6.5,2026-08-02 09:40:00+07:00,2026-08-02 10:00:00+07:00,0.5,5.48
nursery-2 100 L pH outside 5.5–6.5,2026-08-02 08:20:00+07:00,2026-08-02 08:40:00+07:00,0.5,5.49
growing 200 L pH outside 5.5–6.5,2026-08-02 08:20:00+07:00,2026-08-03 08:40:00+07:00,24.5,5.46
nursery-2 100 L pH outside 5.5–6.5,2026-08-02 04:20:00+07:00,2026-08-02 05:00:00+07:00,0.8,5.5
nursery-2 100 L pH outside 5.5–6.5,2026-08-02 03:10:00+07:00,2026-08-02 03:40:00+07:00,0.7,5.47
growing 200 L pH outside 5.5–6.5,2026-08-02 02:20:00+07:00,2026-08-02 05:10:00+07:00,3.0,5.25
nursery-2 100 L pH outside 5.5–6.5,2026-08-02 01:50:00+07:00,2026-08-02 02:10:00+07:00,0.5,5.49
nursery-2 100 L pH outside 5.5–6.5,2026-08-01 22:30:00+07:00,2026-08-01 22:50:00+07:00,0.5,5.47
nursery-2 100 L pH outside 5.5–6.5,2026-08-01 21:20:00+07:00,2026-08-01 21:50:00+07:00,0.7,5.5
nursery-2 100 L pH outside 5.5–6.5,2026-08-01 20:20:00+07:00,2026-08-01 20:40:00+07:00,0.5,5.45
nursery-2 100 L pH outside 5.5–6.5,2026-08-01 19:20:00+07:00,2026-08-01 19:40:00+07:00,0.5,5.48
nursery-2 100 L pH outside 5.5–6.5,2026-08-01 18:20:00+07:00,2026-08-01 18:40:00+07:00,0.5,5.48
nursery-2 100 L pH outside 5.5–6.5,2026-08-01 17:10:00+07:00,2026-08-01 17:30:00+07:00,0.5,5.48
nursery-2 100 L pH outside 5.5–6.5,2026-08-01 16:10:00+07:00,2026-08-01 16:30:00+07:00,0.5,5.46
growing 200 L pH outside 5.5–6.5,2026-08-01 15:50:00+07:00,2026-08-01 18:00:00+07:00,2.3,5.5
nursery-2 100 L pH outside 5.5–6.5,2026-08-01 13:10:00+07:00,2026-08-01 13:30:00+07:00,0.5,5.48
nursery-2 100 L pH outside 5.5–6.5,2026-08-01 11:20:00+07:00,2026-08-01 11:40:00+07:00,0.5,5.5
growing 200 L pH outside 5.5–6.5,2026-08-01 09:00:00+07:00,2026-08-01 15:30:00+07:00,6.7,5.48
nursery-2 100 L pH outside 5.5–6.5,2026-08-01 07:30:00+07:00,2026-08-01 07:50:00+07:00,0.5,5.49
nursery-2 100 L pH outside 5.5–6.5,2026-08-01 06:30:00+07:00,2026-08-01 06:50:00+07:00,0.5,5.49
nursery-2 100 L pH outside 5.5–6.5,2026-08-01 05:30:00+07:00,2026-08-01 05:50:00+07:00,0.5,5.49
nursery-2 100 L pH outside 5.5–6.5,2026-08-01 02:00:00+07:00,2026-08-01 04:00:00+07:00,2.2,5.5
growing 200 L pH outside 5.5–6.5,2026-08-01 01:10:00+07:00,2026-08-01 08:40:00+07:00,7.7,5.4
nursery-2 100 L pH outside 5.5–6.5,2026-08-01 00:50:00+07:00,2026-08-01 01:20:00+07:00,0.7,5.5
nursery-2 100 L pH outside 5.5–6.5,2026-07-31 19:20:00+07:00,2026-07-31 19:40:00+07:00,0.5,5.49
growing 200 L pH outside 5.5–6.5,2026-07-31 17:40:00+07:00,2026-07-31 18:20:00+07:00,0.8,5.2
growing 200 L pH outside 5.5–6.5,2026-07-31 15:10:00+07:00,2026-07-31 17:00:00+07:00,2.0,6.99
nursery-2 100 L |EC − setpoint| > 0.3,2026-07-31 13:00:00+07:00,2026-07-31 14:40:00+07:00,1.8,0.92
growing 200 L pH outside 5.5–6.5,2026-07-31 13:00:00+07:00,2026-07-31 14:40:00+07:00,1.8,6.85
nursery-2 100 L pH outside 5.5–6.5,2026-07-31 13:00:00+07:00,2026-07-31 14:40:00+07:00,1.8,7.47
nursery-2 100 L pH outside 5.5–6.5,2026-07-31 11:50:00+07:00,2026-07-31 12:40:00+07:00,1.0,7.36
growing 200 L pH outside 5.5–6.5,2026-07-31 11:50:00+07:00,2026-07-31 12:40:00+07:00,1.0,7.02
nursery-2 100 L |EC − setpoint| > 0.3,2026-07-31 11:50:00+07:00,2026-07-31 12:40:00+07:00,1.0,0.91
nursery-2 100 L pH outside 5.5–6.5,2026-07-31 09:50:00+07:00,2026-07-31 11:30:00+07:00,1.8,8.0
growing 200 L |EC − setpoint| > 0.3,2026-07-31 09:10:00+07:00,2026-07-31 10:50:00+07:00,1.8,1.02
growing 200 L pH outside 5.5–6.5,2026-07-31 09:10:00+07:00,2026-07-31 11:30:00+07:00,2.5,7.44
growing 200 L |EC − setpoint| > 0.3,2026-07-31 04:40:00+07:00,2026-07-31 05:00:00+07:00,0.5,0.89
growing 200 L pH outside 5.5–6.5,2026-07-31 04:40:00+07:00,2026-07-31 05:00:00+07:00,0.5,7.11
growing 200 L |EC − setpoint| > 0.3,2026-07-30 06:20:00+07:00,2026-07-30 07:10:00+07:00,1.0,0.89
growing 200 L pH outside 5.5–6.5,2026-07-30 06:20:00+07:00,2026-07-30 07:10:00+07:00,1.0,7.16
growing 200 L |EC − setpoint| > 0.3,2026-07-30 05:30:00+07:00,2026-07-30 06:00:00+07:00,0.7,0.82
growing 200 L pH outside 5.5–6.5,2026-07-30 05:30:00+07:00,2026-07-30 06:00:00+07:00,0.7,7.16
nursery-2 100 L pH outside 5.5–6.5,2026-07-30 05:20:00+07:00,2026-07-30 06:00:00+07:00,0.8,7.62
growing 200 L pH outside 5.5–6.5,2026-07-30 04:50:00+07:00,2026-07-30 05:10:00+07:00,0.5,7.15
growing 200 L |EC − setpoint| > 0.3,2026-07-30 04:50:00+07:00,2026-07-30 05:10:00+07:00,0.5,0.82
nursery-2 100 L pH outside 5.5–6.5,2026-07-30 02:00:00+07:00,2026-07-30 02:20:00+07:00,0.5,7.61
growing 200 L pH outside 5.5–6.5,2026-07-30 01:50:00+07:00,2026-07-30 02:10:00+07:00,0.5,7.15
growing 200 L |EC − setpoint| > 0.3,2026-07-30 01:50:00+07:00,2026-07-30 02:10:00+07:00,0.5,0.83
growing 200 L pH outside 5.5–6.5,2026-07-30 01:10:00+07:00,2026-07-30 01:30:00+07:00,0.5,7.17
growing 200 L |EC − setpoint| > 0.3,2026-07-30 01:10:00+07:00,2026-07-30 01:30:00+07:00,0.5,0.82
nursery-2 100 L pH outside 5.5–6.5,2026-07-30 01:10:00+07:00,2026-07-30 01:40:00+07:00,0.7,7.61
growing 200 L |EC − setpoint| > 0.3,2026-07-30 00:00:00+07:00,2026-07-30 00:50:00+07:00,1.0,0.87
growing 200 L pH outside 5.5–6.5,2026-07-30 00:00:00+07:00,2026-07-30 00:50:00+07:00,1.0,7.18
growing 200 L |EC − setpoint| > 0.3,2026-07-29 22:40:00+07:00,2026-07-29 23:40:00+07:00,1.2,0.92
growing 200 L pH outside 5.5–6.5,2026-07-29 22:40:00+07:00,2026-07-29 23:40:00+07:00,1.2,7.16
growing 200 L |EC − setpoint| > 0.3,2026-07-29 22:00:00+07:00,2026-07-29 22:20:00+07:00,0.5,0.89
growing 200 L pH outside 5.5–6.5,2026-07-29 22:00:00+07:00,2026-07-29 22:20:00+07:00,0.5,7.17
nursery-2 100 L pH outside 5.5–6.5,2026-07-29 21:50:00+07:00,2026-07-30 00:20:00+07:00,2.7,7.6
nursery-2 100 L pH outside 5.5–6.5,2026-07-29 18:40:00+07:00,2026-07-29 20:30:00+07:00,2.0,7.6
nursery-2 100 L pH outside 5.5–6.5,2026-07-29 17:20:00+07:00,2026-07-29 18:20:00+07:00,1.2,7.58
growing 200 L pH outside 5.5–6.5,2026-07-29 16:10:00+07:00,2026-07-29 16:50:00+07:00,0.8,7.19
growing 200 L |EC − setpoint| > 0.3,2026-07-29 16:10:00+07:00,2026-07-29 16:50:00+07:00,0.8,0.94
growing 200 L pH outside 5.5–6.5,2026-07-29 14:00:00+07:00,2026-07-29 15:50:00+07:00,2.0,7.19
growing 200 L |EC − setpoint| > 0.3,2026-07-29 14:00:00+07:00,2026-07-29 15:50:00+07:00,2.0,0.93
growing 200 L pH outside 5.5–6.5,2026-07-29 10:10:00+07:00,2026-07-29 13:10:00+07:00,3.2,7.21
growing 200 L |EC − setpoint| > 0.3,2026-07-29 10:10:00+07:00,2026-07-29 13:10:00+07:00,3.2,0.94
nursery-2 100 L pH outside 5.5–6.5,2026-07-29 10:10:00+07:00,2026-07-29 17:00:00+07:00,7.0,7.58
growing 200 L pH outside 5.5–6.5,2026-07-28 23:50:00+07:00,2026-07-29 09:50:00+07:00,10.2,7.22
growing 200 L |EC − setpoint| > 0.3,2026-07-28 23:50:00+07:00,2026-07-29 09:50:00+07:00,10.2,0.93
nursery-2 100 L pH outside 5.5–6.5,2026-07-28 23:50:00+07:00,2026-07-29 09:50:00+07:00,10.2,7.58
growing 200 L pH outside 5.5–6.5,2026-07-28 02:20:00+07:00,2026-07-28 23:30:00+07:00,21.3,7.28
growing 200 L |EC − setpoint| > 0.3,2026-07-28 02:20:00+07:00,2026-07-28 23:30:00+07:00,21.3,0.94
nursery-2 100 L pH outside 5.5–6.5,2026-07-28 02:20:00+07:00,2026-07-28 23:30:00+07:00,21.3,7.54
growing 200 L pH outside 5.5–6.5,2026-07-28 01:10:00+07:00,2026-07-28 02:00:00+07:00,1.0,7.25
growing 200 L |EC − setpoint| > 0.3,2026-07-28 01:10:00+07:00,2026-07-28 02:00:00+07:00,1.0,0.88
nursery-2 100 L pH outside 5.5–6.5,2026-07-28 01:10:00+07:00,2026-07-28 02:00:00+07:00,1.0,7.48
nursery-2 100 L pH outside 5.5–6.5,2026-07-27 23:30:00+07:00,2026-07-27 23:50:00+07:00,0.5,7.46
growing 200 L pH outside 5.5–6.5,2026-07-27 23:30:00+07:00,2026-07-27 23:50:00+07:00,0.5,7.22
growing 200 L |EC − setpoint| > 0.3,2026-07-27 23:30:00+07:00,2026-07-27 23:50:00+07:00,0.5,0.86
growing 200 L pH outside 5.5–6.5,2026-07-27 22:50:00+07:00,2026-07-27 23:10:00+07:00,0.5,7.24
growing 200 L |EC − setpoint| > 0.3,2026-07-27 22:50:00+07:00,2026-07-27 23:10:00+07:00,0.5,0.92
nursery-2 100 L pH outside 5.5–6.5,2026-07-27 22:50:00+07:00,2026-07-27 23:10:00+07:00,0.5,7.45
growing 200 L |EC − setpoint| > 0.3,2026-07-27 21:20:00+07:00,2026-07-27 22:10:00+07:00,1.0,0.88
nursery-2 100 L pH outside 5.5–6.5,2026-07-27 21:20:00+07:00,2026-07-27 22:10:00+07:00,1.0,7.45
growing 200 L pH outside 5.5–6.5,2026-07-27 21:20:00+07:00,2026-07-27 22:10:00+07:00,1.0,7.25
growing 200 L pH outside 5.5–6.5,2026-07-27 19:30:00+07:00,2026-07-27 21:00:00+07:00,1.7,7.24
growing 200 L |EC − setpoint| > 0.3,2026-07-27 19:30:00+07:00,2026-07-27 21:00:00+07:00,1.7,0.88
nursery-2 100 L pH outside 5.5–6.5,2026-07-27 19:30:00+07:00,2026-07-27 21:00:00+07:00,1.7,7.44
growing 200 L pH outside 5.5–6.5,2026-07-27 17:30:00+07:00,2026-07-27 19:10:00+07:00,1.8,7.24
nursery-2 100 L pH outside 5.5–6.5,2026-07-27 17:30:00+07:00,2026-07-27 19:10:00+07:00,1.8,7.43
growing 200 L |EC − setpoint| > 0.3,2026-07-27 17:30:00+07:00,2026-07-27 19:10:00+07:00,1.8,0.88
growing 200 L pH outside 5.5–6.5,2026-07-27 08:30:00+07:00,2026-07-27 17:10:00+07:00,8.8,7.3
growing 200 L |EC − setpoint| > 0.3,2026-07-27 08:30:00+07:00,2026-07-27 17:10:00+07:00,8.8,0.96
growing 200 L pH outside 5.5–6.5,2026-07-27 07:20:00+07:00,2026-07-27 07:40:00+07:00,0.5,7.24
growing 200 L |EC − setpoint| > 0.3,2026-07-27 07:20:00+07:00,2026-07-27 07:40:00+07:00,0.5,0.88
growing 200 L |EC − setpoint| > 0.3,2026-07-27 05:40:00+07:00,2026-07-27 06:40:00+07:00,1.2,0.9
growing 200 L pH outside 5.5–6.5,2026-07-27 05:40:00+07:00,2026-07-27 06:40:00+07:00,1.2,7.25
growing 200 L |EC − setpoint| > 0.3,2026-07-27 02:30:00+07:00,2026-07-27 05:20:00+07:00,3.0,0.96
growing 200 L pH outside 5.5–6.5,2026-07-27 02:30:00+07:00,2026-07-27 05:20:00+07:00,3.0,7.24
growing 200 L |EC − setpoint| > 0.3,2026-07-27 01:10:00+07:00,2026-07-27 02:10:00+07:00,1.2,0.87
growing 200 L pH outside 5.5–6.5,2026-07-27 01:10:00+07:00,2026-07-27 02:10:00+07:00,1.2,7.23
growing 200 L |EC − setpoint| > 0.3,2026-07-26 16:50:00+07:00,2026-07-27 00:50:00+07:00,8.2,0.97
growing 200 L pH outside 5.5–6.5,2026-07-26 16:50:00+07:00,2026-07-27 00:50:00+07:00,8.2,7.19
growing 200 L |EC − setpoint| > 0.3,2026-07-26 07:20:00+07:00,2026-07-26 16:30:00+07:00,9.3,0.94
growing 200 L pH outside 5.5–6.5,2026-07-26 07:20:00+07:00,2026-07-26 16:30:00+07:00,9.3,7.14
growing 200 L |EC − setpoint| > 0.3,2026-07-26 06:00:00+07:00,2026-07-26 07:00:00+07:00,1.2,0.88
growing 200 L pH outside 5.5–6.5,2026-07-26 06:00:00+07:00,2026-07-26 07:00:00+07:00,1.2,7.07
growing 200 L |EC − setpoint| > 0.3,2026-07-26 00:10:00+07:00,2026-07-26 05:40:00+07:00,5.7,0.93
growing 200 L pH outside 5.5–6.5,2026-07-26 00:10:00+07:00,2026-07-26 05:40:00+07:00,5.7,7.1
growing 200 L |EC − setpoint| > 0.3,2026-07-25 23:10:00+07:00,2026-07-25 23:50:00+07:00,0.8,0.89
growing 200 L pH outside 5.5–6.5,2026-07-25 23:10:00+07:00,2026-07-25 23:50:00+07:00,0.8,7.06
growing 200 L pH outside 5.5–6.5,2026-07-25 21:20:00+07:00,2026-07-25 22:50:00+07:00,1.7,7.05
growing 200 L |EC − setpoint| > 0.3,2026-07-25 21:20:00+07:00,2026-07-25 22:50:00+07:00,1.7,0.95
growing 200 L pH outside 5.5–6.5,2026-07-25 20:00:00+07:00,2026-07-25 21:00:00+07:00,1.2,7.05
growing 200 L |EC − setpoint| > 0.3,2026-07-25 20:00:00+07:00,2026-07-25 21:00:00+07:00,1.2,0.9
growing 200 L |EC − setpoint| > 0.3,2026-07-25 18:40:00+07:00,2026-07-25 19:40:00+07:00,1.2,0.92
growing 200 L pH outside 5.5–6.5,2026-07-25 18:40:00+07:00,2026-07-25 19:40:00+07:00,1.2,7.02
nursery-2 100 L pH outside 5.5–6.5,2026-07-25 17:40:00+07:00,2026-07-25 18:00:00+07:00,0.5,6.92
growing 200 L pH outside 5.5–6.5,2026-07-25 17:30:00+07:00,2026-07-25 18:20:00+07:00,1.0,6.94
growing 200 L |EC − setpoint| > 0.3,2026-07-25 17:30:00+07:00,2026-07-25 18:20:00+07:00,1.0,0.91
nursery-2 100 L pH outside 5.5–6.5,2026-07-25 16:30:00+07:00,2026-07-25 17:10:00+07:00,0.8,6.91
nursery-2 100 L pH outside 5.5–6.5,2026-07-25 14:40:00+07:00,2026-07-25 15:10:00+07:00,0.7,6.87
growing 200 L pH outside 5.5–6.5,2026-07-25 13:20:00+07:00,2026-07-25 17:10:00+07:00,4.0,7.23
growing 200 L |EC − setpoint| > 0.3,2026-07-25 13:20:00+07:00,2026-07-25 17:10:00+07:00,4.0,0.94
nursery-2 100 L pH outside 5.5–6.5,2026-07-25 08:10:00+07:00,2026-07-25 09:40:00+07:00,1.7,4.91
nursery-2 100 L pH outside 5.5–6.5,2026-07-25 07:00:00+07:00,2026-07-25 07:20:00+07:00,0.5,4.88
nursery-2 100 L pH outside 5.5–6.5,2026-07-25 06:10:00+07:00,2026-07-25 06:40:00+07:00,0.7,4.9
nursery-2 100 L pH outside 5.5–6.5,2026-07-25 04:30:00+07:00,2026-07-25 05:00:00+07:00,0.7,4.96
nursery-2 100 L pH outside 5.5–6.5,2026-07-25 03:40:00+07:00,2026-07-25 04:10:00+07:00,0.7,4.93
nursery-2 100 L pH outside 5.5–6.5,2026-07-25 02:00:00+07:00,2026-07-25 03:20:00+07:00,1.5,4.92
nursery-2 100 L pH outside 5.5–6.5,2026-07-24 23:30:00+07:00,2026-07-25 01:10:00+07:00,1.8,4.97
nursery-2 100 L pH outside 5.5–6.5,2026-07-24 22:00:00+07:00,2026-07-24 22:50:00+07:00,1.0,4.92
nursery-2 100 L pH outside 5.5–6.5,2026-07-24 20:00:00+07:00,2026-07-24 20:50:00+07:00,1.0,4.88
nursery-2 100 L pH outside 5.5–6.5,2026-07-24 14:10:00+07:00,2026-07-24 19:40:00+07:00,5.7,4.87
nursery-2 100 L pH outside 5.5–6.5,2026-07-24 11:30:00+07:00,2026-07-24 13:50:00+07:00,2.5,4.69
nursery-2 100 L pH outside 5.5–6.5,2026-07-24 10:20:00+07:00,2026-07-24 11:10:00+07:00,1.0,4.68
nursery-2 100 L pH outside 5.5–6.5,2026-07-24 09:00:00+07:00,2026-07-24 10:00:00+07:00,1.2,4.64
nursery-2 100 L pH outside 5.5–6.5,2026-07-24 08:10:00+07:00,2026-07-24 08:40:00+07:00,0.7,4.63
nursery-2 100 L pH outside 5.5–6.5,2026-07-24 02:50:00+07:00,2026-07-24 07:50:00+07:00,5.2,4.61
nursery-2 100 L pH outside 5.5–6.5,2026-07-24 02:00:00+07:00,2026-07-24 02:30:00+07:00,0.7,4.43
nursery-2 100 L pH outside 5.5–6.5,2026-07-24 01:10:00+07:00,2026-07-24 01:40:00+07:00,0.7,4.46
nursery-2 100 L pH outside 5.5–6.5,2026-07-24 00:10:00+07:00,2026-07-24 00:50:00+07:00,0.8,4.45
nursery-2 100 L pH outside 5.5–6.5,2026-07-23 17:40:00+07:00,2026-07-23 21:00:00+07:00,3.5,4.39
nursery-2 100 L pH outside 5.5–6.5,2026-07-23 16:20:00+07:00,2026-07-23 17:20:00+07:00,1.2,4.23
nursery-2 100 L pH outside 5.5–6.5,2026-07-23 15:00:00+07:00,2026-07-23 16:00:00+07:00,1.2,4.22
nursery-2 100 L pH outside 5.5–6.5,2026-07-23 11:50:00+07:00,2026-07-23 14:40:00+07:00,3.0,4.16
nursery-2 100 L pH outside 5.5–6.5,2026-07-23 11:00:00+07:00,2026-07-23 11:30:00+07:00,0.7,4.07
nursery-2 100 L pH outside 5.5–6.5,2026-07-23 08:00:00+07:00,2026-07-23 10:40:00+07:00,2.8,4.09
nursery-2 100 L pH outside 5.5–6.5,2026-07-23 05:20:00+07:00,2026-07-23 07:40:00+07:00,2.5,4.09
nursery-2 100 L pH outside 5.5–6.5,2026-07-23 04:00:00+07:00,2026-07-23 05:00:00+07:00,1.2,4.04
nursery-2 100 L pH outside 5.5–6.5,2026-07-23 01:50:00+07:00,2026-07-23 02:50:00+07:00,1.2,3.96
nursery-2 100 L pH outside 5.5–6.5,2026-07-23 00:30:00+07:00,2026-07-23 01:30:00+07:00,1.2,3.9
nursery-2 100 L pH outside 5.5–6.5,2026-07-22 23:50:00+07:00,2026-07-23 00:10:00+07:00,0.5,3.85
nursery-2 100 L pH outside 5.5–6.5,2026-07-22 21:00:00+07:00,2026-07-22 21:50:00+07:00,1.0,3.81
nursery-2 100 L pH outside 5.5–6.5,2026-07-22 19:50:00+07:00,2026-07-22 20:20:00+07:00,0.7,3.76
nursery-2 100 L pH outside 5.5–6.5,2026-07-22 18:30:00+07:00,2026-07-22 19:30:00+07:00,1.2,3.74
nursery-2 100 L pH outside 5.5–6.5,2026-07-22 16:30:00+07:00,2026-07-22 18:10:00+07:00,1.8,3.72
nursery-2 100 L pH outside 5.5–6.5,2026-07-22 14:20:00+07:00,2026-07-22 16:10:00+07:00,2.0,3.83
nursery-2 100 L pH outside 5.5–6.5,2026-07-22 13:10:00+07:00,2026-07-22 14:00:00+07:00,1.0,4.75
growing 200 L pH outside 5.5–6.5,2026-07-20 23:40:00+07:00,2026-07-21 01:40:00+07:00,2.2,5.49
growing 200 L pH outside 5.5–6.5,2026-07-20 14:00:00+07:00,2026-07-20 15:50:00+07:00,2.0,5.49
growing 200 L pH outside 5.5–6.5,2026-07-20 13:00:00+07:00,2026-07-20 13:40:00+07:00,0.8,5.46
growing 200 L pH outside 5.5–6.5,2026-07-20 02:10:00+07:00,2026-07-20 02:50:00+07:00,0.8,5.49
growing 200 L pH outside 5.5–6.5,2026-07-19 23:50:00+07:00,2026-07-20 01:50:00+07:00,2.2,5.47
growing 200 L pH outside 5.5–6.5,2026-07-19 13:30:00+07:00,2026-07-19 15:30:00+07:00,2.2,5.5
growing 200 L pH outside 5.5–6.5,2026-07-19 12:00:00+07:00,2026-07-19 13:00:00+07:00,1.2,5.46
growing 200 L pH outside 5.5–6.5,2026-07-19 01:00:00+07:00,2026-07-19 02:00:00+07:00,1.2,5.49
growing 200 L pH outside 5.5–6.5,2026-07-18 23:40:00+07:00,2026-07-19 00:40:00+07:00,1.2,5.46
growing 200 L pH outside 5.5–6.5,2026-07-18 15:40:00+07:00,2026-07-18 16:00:00+07:00,0.5,5.5
growing 200 L pH outside 5.5–6.5,2026-07-18 14:10:00+07:00,2026-07-18 15:20:00+07:00,1.3,5.48
growing 200 L pH outside 5.5–6.5,2026-07-18 00:40:00+07:00,2026-07-18 02:20:00+07:00,1.8,5.5
nursery-2 100 L pH outside 5.5–6.5,2026-07-17 17:00:00+07:00,2026-07-17 19:20:00+07:00,2.5,5.3
nursery-2 100 L pH outside 5.5–6.5,2026-07-17 15:50:00+07:00,2026-07-17 16:10:00+07:00,0.5,5.28
nursery-2 100 L pH outside 5.5–6.5,2026-07-17 14:40:00+07:00,2026-07-17 15:10:00+07:00,0.7,5.28
growing 200 L pH outside 5.5–6.5,2026-07-17 14:30:00+07:00,2026-07-17 15:30:00+07:00,1.2,5.49
nursery-2 100 L pH outside 5.5–6.5,2026-07-17 13:30:00+07:00,2026-07-17 14:20:00+07:00,1.0,5.26
growing 200 L pH outside 5.5–6.5,2026-07-17 13:10:00+07:00,2026-07-17 14:10:00+07:00,1.2,5.49
nursery-2 100 L pH outside 5.5–6.5,2026-07-17 12:50:00+07:00,2026-07-17 13:10:00+07:00,0.5,5.26
nursery-2 100 L pH outside 5.5–6.5,2026-07-17 11:50:00+07:00,2026-07-17 12:10:00+07:00,0.5,5.25
nursery-2 100 L pH outside 5.5–6.5,2026-07-17 08:40:00+07:00,2026-07-17 11:30:00+07:00,3.0,5.25
nursery-2 100 L pH outside 5.5–6.5,2026-07-17 07:00:00+07:00,2026-07-17 08:20:00+07:00,1.5,5.25
nursery-2 100 L pH outside 5.5–6.5,2026-07-17 05:10:00+07:00,2026-07-17 06:20:00+07:00,1.3,5.26
nursery-2 100 L pH outside 5.5–6.5,2026-07-17 00:10:00+07:00,2026-07-17 04:50:00+07:00,4.8,5.24
growing 200 L pH outside 5.5–6.5,2026-07-16 23:50:00+07:00,2026-07-17 01:20:00+07:00,1.7,5.49
nursery-2 100 L pH outside 5.5–6.5,2026-07-16 21:50:00+07:00,2026-07-16 22:10:00+07:00,0.5,5.22
nursery-2 100 L pH outside 5.5–6.5,2026-07-16 15:20:00+07:00,2026-07-16 19:30:00+07:00,4.3,5.21
nursery-2 100 L pH outside 5.5–6.5,2026-07-16 14:30:00+07:00,2026-07-16 15:00:00+07:00,0.7,5.2
nursery-2 100 L pH outside 5.5–6.5,2026-07-16 13:10:00+07:00,2026-07-16 14:10:00+07:00,1.2,5.19
nursery-2 100 L pH outside 5.5–6.5,2026-07-16 11:50:00+07:00,2026-07-16 12:50:00+07:00,1.2,5.18
nursery-2 100 L pH outside 5.5–6.5,2026-07-16 01:00:00+07:00,2026-07-16 11:30:00+07:00,10.7,5.19
growing 200 L pH outside 5.5–6.5,2026-07-15 23:00:00+07:00,2026-07-15 23:20:00+07:00,0.5,5.5
nursery-2 100 L pH outside 5.5–6.5,2026-07-15 22:10:00+07:00,2026-07-15 23:20:00+07:00,1.3,5.14
growing 200 L pH outside 5.5–6.5,2026-07-15 22:10:00+07:00,2026-07-15 22:40:00+07:00,0.7,5.5
growing 200 L pH outside 5.5–6.5,2026-07-15 21:10:00+07:00,2026-07-15 21:50:00+07:00,0.8,5.5
nursery-2 100 L pH outside 5.5–6.5,2026-07-15 21:10:00+07:00,2026-07-15 21:50:00+07:00,0.8,5.12
nursery-2 100 L pH outside 5.5–6.5,2026-07-15 19:50:00+07:00,2026-07-15 20:40:00+07:00,1.0,5.1
growing 200 L pH outside 5.5–6.5,2026-07-15 19:50:00+07:00,2026-07-15 20:40:00+07:00,1.0,5.49
growing 200 L pH outside 5.5–6.5,2026-07-15 18:40:00+07:00,2026-07-15 19:30:00+07:00,1.0,5.49
nursery-2 100 L pH outside 5.5–6.5,2026-07-15 18:40:00+07:00,2026-07-15 19:30:00+07:00,1.0,5.12
nursery-2 100 L pH outside 5.5–6.5,2026-07-15 15:20:00+07:00,2026-07-15 18:20:00+07:00,3.2,5.12
growing 200 L pH outside 5.5–6.5,2026-07-15 15:20:00+07:00,2026-07-15 18:20:00+07:00,3.2,5.48
growing 200 L pH outside 5.5–6.5,2026-07-14 02:10:00+07:00,2026-07-15 15:00:00+07:00,37.0,5.49
growing 200 L pH outside 5.5–6.5,2026-07-10 22:20:00+07:00,2026-07-11 02:40:00+07:00,4.5,5.5
growing 200 L pH outside 5.5–6.5,2026-07-09 00:00:00+07:00,2026-07-09 18:50:00+07:00,19.0,5.5
growing 200 L pH outside 5.5–6.5,2026-07-08 12:30:00+07:00,2026-07-08 12:50:00+07:00,0.5,5.5
nursery-2 100 L pH outside 5.5–6.5,2026-07-07 15:40:00+07:00,2026-07-15 15:00:00+07:00,191.5,5.09
growing 200 L pH outside 5.5–6.5,2026-07-07 14:10:00+07:00,2026-07-07 22:30:00+07:00,8.5,5.5
xy_md_22 (room) RH > 85 %,2026-07-06 07:20:00+07:00,2026-07-06 07:50:00+07:00,0.7,86.25
xy_md_21 (room) RH > 85 %,2026-07-06 07:20:00+07:00,2026-07-06 07:50:00+07:00,0.7,85.8
growing 200 L pH outside 5.5–6.5,2026-07-06 04:40:00+07:00,2026-07-06 19:40:00+07:00,15.2,5.5
growing 200 L pH outside 5.5–6.5,2026-07-05 02:20:00+07:00,2026-07-05 13:40:00+07:00,11.5,5.5
growing 200 L pH outside 5.5–6.5,2026-07-03 23:50:00+07:00,2026-07-04 12:10:00+07:00,12.5,5.5
growing 200 L pH outside 5.5–6.5,2026-07-02 21:40:00+07:00,2026-07-03 11:10:00+07:00,13.7,5.5
nursery-2 100 L pH outside 5.5–6.5,2026-07-02 10:10:00+07:00,2026-07-06 17:00:00+07:00,103.0,5.5
nursery-2 100 L |EC − setpoint| > 0.3,2026-07-02 10:10:00+07:00,2026-07-14 15:50:00+07:00,293.8,1.01
nursery-2 100 L pH outside 5.5–6.5,2026-07-02 08:00:00+07:00,2026-07-02 09:50:00+07:00,2.0,4.04
growing 200 L pH outside 5.5–6.5,2026-07-02 00:30:00+07:00,2026-07-02 10:40:00+07:00,10.3,5.5
growing 200 L pH outside 5.5–6.5,2026-07-01 03:40:00+07:00,2026-07-01 14:00:00+07:00,10.5,5.5
nursery-2 100 L |EC − setpoint| > 0.3,2026-06-30 12:00:00+07:00,2026-07-02 09:50:00+07:00,46.0,0.44
growing 200 L pH outside 5.5–6.5,2026-06-30 11:10:00+07:00,2026-06-30 18:50:00+07:00,7.8,5.49
xy_md_23 (room) RH > 85 %,2026-06-30 07:30:00+07:00,2026-06-30 08:10:00+07:00,0.8,87.45
xy_md_22 (room) RH > 85 %,2026-06-30 07:20:00+07:00,2026-06-30 08:10:00+07:00,1.0,87.8
xy_md_21 (room) RH > 85 %,2026-06-30 07:20:00+07:00,2026-06-30 08:10:00+07:00,1.0,86.65
xy_md_22 (room) RH > 85 %,2026-06-30 06:10:00+07:00,2026-06-30 06:30:00+07:00,0.5,86.25
xy_md_21 (room) RH > 85 %,2026-06-30 06:00:00+07:00,2026-06-30 06:20:00+07:00,0.5,86.6
growing 200 L pH outside 5.5–6.5,2026-06-30 02:00:00+07:00,2026-06-30 04:50:00+07:00,3.0,5.5
nursery-2 100 L pH outside 5.5–6.5,2026-06-29 21:30:00+07:00,2026-07-01 17:30:00+07:00,44.2,5.5
nursery-2 100 L pH outside 5.5–6.5,2026-06-29 14:30:00+07:00,2026-06-29 15:20:00+07:00,1.0,5.5
nursery-2 100 L |EC − setpoint| > 0.3,2026-06-29 13:40:00+07:00,2026-06-29 14:00:00+07:00,0.5,0.92
growing 200 L |EC − setpoint| > 0.3,2026-06-29 13:40:00+07:00,2026-06-29 14:00:00+07:00,0.5,0.35
nursery-2 100 L pH outside 5.5–6.5,2026-06-29 12:40:00+07:00,2026-06-29 13:30:00+07:00,1.0,5.5
xy_md_21 (room) RH > 85 %,2026-06-29 06:20:00+07:00,2026-06-29 08:10:00+07:00,2.0,93.7
xy_md_23 (room) RH > 85 %,2026-06-29 06:20:00+07:00,2026-06-29 08:10:00+07:00,2.0,93.65
xy_md_22 (room) RH > 85 %,2026-06-29 06:20:00+07:00,2026-06-29 08:10:00+07:00,2.0,94.25
xy_md_23 (room) RH > 85 %,2026-06-29 05:30:00+07:00,2026-06-29 05:50:00+07:00,0.5,92.75
xy_md_22 (room) RH > 85 %,2026-06-29 05:20:00+07:00,2026-06-29 05:50:00+07:00,0.7,94.2
xy_md_21 (room) RH > 85 %,2026-06-29 05:20:00+07:00,2026-06-29 05:50:00+07:00,0.7,93.7
growing 200 L pH outside 5.5–6.5,2026-06-29 05:10:00+07:00,2026-06-29 05:40:00+07:00,0.7,5.5
nursery-2 100 L pH outside 5.5–6.5,2026-06-29 04:50:00+07:00,2026-06-29 05:20:00+07:00,0.7,5.5
xy_md_23 (room) RH > 85 %,2026-06-29 02:30:00+07:00,2026-06-29 05:00:00+07:00,2.7,93.95
xy_md_22 (room) RH > 85 %,2026-06-29 02:20:00+07:00,2026-06-29 05:00:00+07:00,2.8,94.5
xy_md_21 (room) RH > 85 %,2026-06-29 02:20:00+07:00,2026-06-29 05:00:00+07:00,2.8,93.4
nursery-2 100 L pH outside 5.5–6.5,2026-06-29 02:10:00+07:00,2026-06-29 04:20:00+07:00,2.3,5.5
xy_md_22 (room) RH > 85 %,2026-06-29 01:20:00+07:00,2026-06-29 02:00:00+07:00,0.8,93.95
xy_md_21 (room) RH > 85 %,2026-06-29 01:20:00+07:00,2026-06-29 02:00:00+07:00,0.8,93.4
xy_md_23 (room) RH > 85 %,2026-06-29 01:20:00+07:00,2026-06-29 02:00:00+07:00,0.8,92.55
xy_md_22 (room) RH > 85 %,2026-06-28 23:10:00+07:00,2026-06-29 01:00:00+07:00,2.0,93.9
xy_md_21 (room) RH > 85 %,2026-06-28 23:10:00+07:00,2026-06-29 01:00:00+07:00,2.0,92.15
xy_md_23 (room) RH > 85 %,2026-06-28 23:10:00+07:00,2026-06-29 01:00:00+07:00,2.0,93.35
xy_md_22 (room) RH > 85 %,2026-06-28 21:40:00+07:00,2026-06-28 22:40:00+07:00,1.2,94.3
xy_md_23 (room) RH > 85 %,2026-06-28 21:40:00+07:00,2026-06-28 22:40:00+07:00,1.2,93.25
xy_md_21 (room) RH > 85 %,2026-06-28 21:40:00+07:00,2026-06-28 22:40:00+07:00,1.2,93.15
growing 200 L pH outside 5.5–6.5,2026-06-28 19:20:00+07:00,2026-06-28 19:40:00+07:00,0.5,5.49
xy_md_23 (room) RH > 85 %,2026-06-28 18:20:00+07:00,2026-06-28 21:20:00+07:00,3.2,93.75
xy_md_21 (room) RH > 85 %,2026-06-28 18:20:00+07:00,2026-06-28 21:20:00+07:00,3.2,92.45
xy_md_22 (room) RH > 85 %,2026-06-28 18:20:00+07:00,2026-06-28 21:20:00+07:00,3.2,94.4
nursery-2 100 L pH outside 5.5–6.5,2026-06-28 12:20:00+07:00,2026-06-28 17:00:00+07:00,4.8,5.5
growing 200 L pH outside 5.5–6.5,2026-06-28 11:10:00+07:00,2026-06-28 11:40:00+07:00,0.7,5.5
xy_md_21 (room) RH > 85 %,2026-06-28 06:20:00+07:00,2026-06-28 08:10:00+07:00,2.0,93.9
xy_md_23 (room) RH > 85 %,2026-06-28 06:20:00+07:00,2026-06-28 08:10:00+07:00,2.0,93.75
xy_md_22 (room) RH > 85 %,2026-06-28 06:20:00+07:00,2026-06-28 08:10:00+07:00,2.0,94.5
xy_md_22 (room) RH > 85 %,2026-06-28 05:20:00+07:00,2026-06-28 06:00:00+07:00,0.8,94.5
xy_md_23 (room) RH > 85 %,2026-06-28 05:20:00+07:00,2026-06-28 06:00:00+07:00,0.8,93.25
xy_md_21 (room) RH > 85 %,2026-06-28 05:20:00+07:00,2026-06-28 05:50:00+07:00,0.7,94.0
xy_md_23 (room) RH > 85 %,2026-06-28 02:30:00+07:00,2026-06-28 05:00:00+07:00,2.7,94.6
xy_md_22 (room) RH > 85 %,2026-06-28 02:30:00+07:00,2026-06-28 05:00:00+07:00,2.7,95.0
xy_md_21 (room) RH > 85 %,2026-06-28 02:20:00+07:00,2026-06-28 05:00:00+07:00,2.8,93.55
growing 200 L pH outside 5.5–6.5,2026-06-28 01:50:00+07:00,2026-06-28 02:30:00+07:00,0.8,5.5
xy_md_22 (room) RH > 85 %,2026-06-28 01:20:00+07:00,2026-06-28 02:00:00+07:00,0.8,94.65
xy_md_21 (room) RH > 85 %,2026-06-28 01:20:00+07:00,2026-06-28 02:00:00+07:00,0.8,93.6
xy_md_23 (room) RH > 85 %,2026-06-28 01:20:00+07:00,2026-06-28 02:00:00+07:00,0.8,93.4
nursery-2 100 L pH outside 5.5–6.5,2026-06-28 00:10:00+07:00,2026-06-28 03:10:00+07:00,3.2,5.5
xy_md_23 (room) RH > 85 %,2026-06-27 23:00:00+07:00,2026-06-28 01:00:00+07:00,2.2,93.9
xy_md_22 (room) RH > 85 %,2026-06-27 23:00:00+07:00,2026-06-28 01:00:00+07:00,2.2,94.4
xy_md_21 (room) RH > 85 %,2026-06-27 23:00:00+07:00,2026-06-28 00:50:00+07:00,2.0,92.4
growing 200 L pH outside 5.5–6.5,2026-06-27 21:50:00+07:00,2026-06-27 22:20:00+07:00,0.7,5.49
xy_md_23 (room) RH > 85 %,2026-06-27 21:40:00+07:00,2026-06-27 22:30:00+07:00,1.0,93.05
xy_md_22 (room) RH > 85 %,2026-06-27 21:40:00+07:00,2026-06-27 22:30:00+07:00,1.0,94.4
xy_md_21 (room) RH > 85 %,2026-06-27 21:40:00+07:00,2026-06-27 22:30:00+07:00,1.0,93.2
growing 200 L pH outside 5.5–6.5,2026-06-27 18:20:00+07:00,2026-06-27 18:40:00+07:00,0.5,5.49
xy_md_23 (room) RH > 85 %,2026-06-27 18:10:00+07:00,2026-06-27 21:10:00+07:00,3.2,93.8
xy_md_21 (room) RH > 85 %,2026-06-27 18:10:00+07:00,2026-06-27 21:10:00+07:00,3.2,92.6
xy_md_22 (room) RH > 85 %,2026-06-27 18:10:00+07:00,2026-06-27 21:10:00+07:00,3.2,94.4
nursery-2 100 L pH outside 5.5–6.5,2026-06-27 18:00:00+07:00,2026-06-27 18:30:00+07:00,0.7,5.5
growing 200 L pH outside 5.5–6.5,2026-06-27 15:10:00+07:00,2026-06-27 15:30:00+07:00,0.5,5.49
nursery-2 100 L pH outside 5.5–6.5,2026-06-27 13:40:00+07:00,2026-06-27 17:40:00+07:00,4.2,5.49
growing 200 L pH outside 5.5–6.5,2026-06-27 09:40:00+07:00,2026-06-27 10:00:00+07:00,0.5,5.49
xy_md_22 (room) RH > 85 %,2026-06-27 07:00:00+07:00,2026-06-27 08:10:00+07:00,1.3,93.15
xy_md_21 (room) RH > 85 %,2026-06-27 07:00:00+07:00,2026-06-27 08:10:00+07:00,1.3,91.8
xy_md_23 (room) RH > 85 %,2026-06-27 07:00:00+07:00,2026-06-27 08:10:00+07:00,1.3,92.15
xy_md_23 (room) RH > 85 %,2026-06-27 06:10:00+07:00,2026-06-27 06:40:00+07:00,0.7,92.15
xy_md_21 (room) RH > 85 %,2026-06-27 06:00:00+07:00,2026-06-27 06:40:00+07:00,0.8,93.45
xy_md_22 (room) RH > 85 %,2026-06-27 06:00:00+07:00,2026-06-27 06:40:00+07:00,0.8,94.4
xy_md_23 (room) RH > 85 %,2026-06-27 05:20:00+07:00,2026-06-27 05:40:00+07:00,0.5,91.95
xy_md_21 (room) RH > 85 %,2026-06-27 05:20:00+07:00,2026-06-27 05:40:00+07:00,0.5,93.3
xy_md_22 (room) RH > 85 %,2026-06-27 05:20:00+07:00,2026-06-27 05:40:00+07:00,0.5,94.25
nursery-2 100 L pH outside 5.5–6.5,2026-06-27 04:30:00+07:00,2026-06-27 06:50:00+07:00,2.5,5.5
growing 200 L pH outside 5.5–6.5,2026-06-27 03:20:00+07:00,2026-06-27 03:40:00+07:00,0.5,5.5
xy_md_22 (room) RH > 85 %,2026-06-27 03:00:00+07:00,2026-06-27 05:00:00+07:00,2.2,94.2
xy_md_23 (room) RH > 85 %,2026-06-27 03:00:00+07:00,2026-06-27 05:00:00+07:00,2.2,93.4
xy_md_21 (room) RH > 85 %,2026-06-27 03:00:00+07:00,2026-06-27 05:00:00+07:00,2.2,92.3
xy_md_23 (room) RH > 85 %,2026-06-27 02:10:00+07:00,2026-06-27 02:40:00+07:00,0.7,91.65
xy_md_21 (room) RH > 85 %,2026-06-27 02:10:00+07:00,2026-06-27 02:40:00+07:00,0.7,93.05
xy_md_22 (room) RH > 85 %,2026-06-27 02:10:00+07:00,2026-06-27 02:40:00+07:00,0.7,93.9
xy_md_23 (room) RH > 85 %,2026-06-27 01:20:00+07:00,2026-06-27 01:40:00+07:00,0.5,91.55
xy_md_21 (room) RH > 85 %,2026-06-27 01:20:00+07:00,2026-06-27 01:40:00+07:00,0.5,92.8
xy_md_22 (room) RH > 85 %,2026-06-27 01:20:00+07:00,2026-06-27 01:40:00+07:00,0.5,93.8
growing 200 L pH outside 5.5–6.5,2026-06-27 00:00:00+07:00,2026-06-27 00:30:00+07:00,0.7,5.49
xy_md_22 (room) RH > 85 %,2026-06-26 23:10:00+07:00,2026-06-27 01:00:00+07:00,2.0,93.45
xy_md_23 (room) RH > 85 %,2026-06-26 23:10:00+07:00,2026-06-27 01:00:00+07:00,2.0,92.8
xy_md_21 (room) RH > 85 %,2026-06-26 23:10:00+07:00,2026-06-27 00:50:00+07:00,1.8,91.6
growing 200 L pH outside 5.5–6.5,2026-06-26 21:20:00+07:00,2026-06-26 21:50:00+07:00,0.7,5.5
xy_md_21 (room) RH > 85 %,2026-06-26 21:00:00+07:00,2026-06-26 22:40:00+07:00,1.8,91.15
xy_md_22 (room) RH > 85 %,2026-06-26 20:50:00+07:00,2026-06-26 22:40:00+07:00,2.0,92.95
xy_md_23 (room) RH > 85 %,2026-06-26 20:50:00+07:00,2026-06-26 22:40:00+07:00,2.0,91.3
nursery-2 100 L pH outside 5.5–6.5,2026-06-26 20:40:00+07:00,2026-06-26 23:00:00+07:00,2.5,5.49
growing 200 L pH outside 5.5–6.5,2026-06-26 18:50:00+07:00,2026-06-26 19:10:00+07:00,0.5,5.49
growing 200 L pH outside 5.5–6.5,2026-06-26 14:40:00+07:00,2026-06-26 15:00:00+07:00,0.5,5.5
nursery-2 100 L pH outside 5.5–6.5,2026-06-26 14:30:00+07:00,2026-06-26 16:10:00+07:00,1.8,5.49
growing 200 L pH outside 5.5–6.5,2026-06-26 12:40:00+07:00,2026-06-26 13:00:00+07:00,0.5,5.5
xy_md_22 (room) RH > 85 %,2026-06-26 11:50:00+07:00,2026-06-26 12:10:00+07:00,0.5,91.05
xy_md_23 (room) RH > 85 %,2026-06-26 11:50:00+07:00,2026-06-26 12:10:00+07:00,0.5,90.25
xy_md_21 (room) RH > 85 %,2026-06-26 11:10:00+07:00,2026-06-26 11:30:00+07:00,0.5,89.0
xy_md_23 (room) RH > 85 %,2026-06-26 11:10:00+07:00,2026-06-26 11:30:00+07:00,0.5,89.75
xy_md_22 (room) RH > 85 %,2026-06-26 10:40:00+07:00,2026-06-26 11:30:00+07:00,1.0,90.7
growing 200 L pH outside 5.5–6.5,2026-06-26 10:20:00+07:00,2026-06-26 10:40:00+07:00,0.5,5.5
nursery-2 100 L pH outside 5.5–6.5,2026-06-26 09:30:00+07:00,2026-06-26 11:40:00+07:00,2.3,5.5
growing 200 L pH outside 5.5–6.5,2026-06-26 08:00:00+07:00,2026-06-26 08:20:00+07:00,0.5,5.49
xy_md_23 (room) RH > 85 %,2026-06-26 06:10:00+07:00,2026-06-26 09:00:00+07:00,3.0,95.3
xy_md_21 (room) RH > 85 %,2026-06-26 06:10:00+07:00,2026-06-26 09:00:00+07:00,3.0,94.4
xy_md_22 (room) RH > 85 %,2026-06-26 06:10:00+07:00,2026-06-26 09:00:00+07:00,3.0,95.5
xy_md_22 (room) RH > 85 %,2026-06-26 05:20:00+07:00,2026-06-26 05:50:00+07:00,0.7,95.7
xy_md_21 (room) RH > 85 %,2026-06-26 05:20:00+07:00,2026-06-26 05:50:00+07:00,0.7,94.5
xy_md_23 (room) RH > 85 %,2026-06-26 05:20:00+07:00,2026-06-26 05:50:00+07:00,0.7,94.75
xy_md_23 (room) RH > 85 %,2026-06-26 02:10:00+07:00,2026-06-26 05:00:00+07:00,3.0,95.95
xy_md_21 (room) RH > 85 %,2026-06-26 02:10:00+07:00,2026-06-26 05:00:00+07:00,3.0,94.15
xy_md_22 (room) RH > 85 %,2026-06-26 02:10:00+07:00,2026-06-26 05:00:00+07:00,3.0,96.15
nursery-2 100 L pH outside 5.5–6.5,2026-06-26 02:00:00+07:00,2026-06-26 04:10:00+07:00,2.3,5.5
xy_md_21 (room) RH > 85 %,2026-06-26 01:20:00+07:00,2026-06-26 01:50:00+07:00,0.7,94.15
xy_md_22 (room) RH > 85 %,2026-06-26 01:20:00+07:00,2026-06-26 01:50:00+07:00,0.7,95.15
xy_md_23 (room) RH > 85 %,2026-06-26 01:20:00+07:00,2026-06-26 01:50:00+07:00,0.7,94.5
growing 200 L pH outside 5.5–6.5,2026-06-25 23:50:00+07:00,2026-06-26 00:10:00+07:00,0.5,5.5
xy_md_22 (room) RH > 85 %,2026-06-25 21:40:00+07:00,2026-06-26 01:00:00+07:00,3.5,95.85
xy_md_21 (room) RH > 85 %,2026-06-25 21:40:00+07:00,2026-06-26 01:00:00+07:00,3.5,93.7
xy_md_23 (room) RH > 85 %,2026-06-25 21:40:00+07:00,2026-06-26 01:00:00+07:00,3.5,95.7
nursery-2 100 L pH outside 5.5–6.5,2026-06-25 19:20:00+07:00,2026-06-25 21:50:00+07:00,2.7,5.5
xy_md_23 (room) RH > 85 %,2026-06-25 18:30:00+07:00,2026-06-25 21:20:00+07:00,3.0,94.45
xy_md_21 (room) RH > 85 %,2026-06-25 18:30:00+07:00,2026-06-25 21:20:00+07:00,3.0,92.75
xy_md_22 (room) RH > 85 %,2026-06-25 18:20:00+07:00,2026-06-25 21:20:00+07:00,3.2,94.95
nursery-2 100 L pH outside 5.5–6.5,2026-06-25 14:40:00+07:00,2026-06-25 16:00:00+07:00,1.5,5.49
nursery-2 100 L pH outside 5.5–6.5,2026-06-25 09:40:00+07:00,2026-06-25 12:20:00+07:00,2.8,5.5
xy_md_23 (room) RH > 85 %,2026-06-25 07:00:00+07:00,2026-06-25 08:40:00+07:00,1.8,92.5
xy_md_22 (room) RH > 85 %,2026-06-25 07:00:00+07:00,2026-06-25 08:40:00+07:00,1.8,93.1
xy_md_21 (room) RH > 85 %,2026-06-25 07:00:00+07:00,2026-06-25 08:40:00+07:00,1.8,91.15
xy_md_23 (room) RH > 85 %,2026-06-25 06:10:00+07:00,2026-06-25 06:40:00+07:00,0.7,91.4
xy_md_22 (room) RH > 85 %,2026-06-25 06:10:00+07:00,2026-06-25 06:40:00+07:00,0.7,93.5
xy_md_21 (room) RH > 85 %,2026-06-25 06:00:00+07:00,2026-06-25 06:40:00+07:00,0.8,93.15
xy_md_21 (room) RH > 85 %,2026-06-25 05:20:00+07:00,2026-06-25 05:40:00+07:00,0.5,92.9
xy_md_22 (room) RH > 85 %,2026-06-25 05:20:00+07:00,2026-06-25 05:40:00+07:00,0.5,93.3
xy_md_21 (room) RH > 85 %,2026-06-25 03:00:00+07:00,2026-06-25 05:00:00+07:00,2.2,91.55
xy_md_23 (room) RH > 85 %,2026-06-25 03:00:00+07:00,2026-06-25 05:00:00+07:00,2.2,92.9
xy_md_22 (room) RH > 85 %,2026-06-25 03:00:00+07:00,2026-06-25 05:00:00+07:00,2.2,93.55
xy_md_21 (room) RH > 85 %,2026-06-25 02:10:00+07:00,2026-06-25 02:30:00+07:00,0.5,92.9
xy_md_22 (room) RH > 85 %,2026-06-25 02:10:00+07:00,2026-06-25 02:30:00+07:00,0.5,93.2
xy_md_23 (room) RH > 85 %,2026-06-25 02:10:00+07:00,2026-06-25 02:30:00+07:00,0.5,91.1
xy_md_21 (room) RH > 85 %,2026-06-25 01:20:00+07:00,2026-06-25 01:40:00+07:00,0.5,92.7
xy_md_22 (room) RH > 85 %,2026-06-25 01:20:00+07:00,2026-06-25 01:40:00+07:00,0.5,93.0
nursery-2 100 L pH outside 5.5–6.5,2026-06-25 01:20:00+07:00,2026-06-25 06:10:00+07:00,5.0,5.5
xy_md_23 (room) RH > 85 %,2026-06-24 22:30:00+07:00,2026-06-25 01:00:00+07:00,2.7,92.65
xy_md_22 (room) RH > 85 %,2026-06-24 22:20:00+07:00,2026-06-25 01:00:00+07:00,2.8,93.35
xy_md_21 (room) RH > 85 %,2026-06-24 22:20:00+07:00,2026-06-25 00:50:00+07:00,2.7,91.25
xy_md_23 (room) RH > 85 %,2026-06-24 21:30:00+07:00,2026-06-24 21:50:00+07:00,0.5,88.5
xy_md_21 (room) RH > 85 %,2026-06-24 21:20:00+07:00,2026-06-24 21:50:00+07:00,0.7,89.9
xy_md_22 (room) RH > 85 %,2026-06-24 21:20:00+07:00,2026-06-24 21:50:00+07:00,0.7,90.55
nursery-2 100 L pH outside 5.5–6.5,2026-06-24 21:00:00+07:00,2026-06-24 23:20:00+07:00,2.5,5.49
xy_md_21 (room) RH > 85 %,2026-06-24 20:30:00+07:00,2026-06-24 20:50:00+07:00,0.5,86.4
xy_md_23 (room) RH > 85 %,2026-06-24 20:20:00+07:00,2026-06-24 20:50:00+07:00,0.7,87.7
xy_md_22 (room) RH > 85 %,2026-06-24 20:20:00+07:00,2026-06-24 20:50:00+07:00,0.7,88.6
nursery-2 100 L |EC − setpoint| > 0.3,2026-06-24 16:30:00+07:00,2026-06-24 18:10:00+07:00,1.8,1.03
growing 200 L |EC − setpoint| > 0.3,2026-06-24 16:30:00+07:00,2026-06-25 00:50:00+07:00,8.5,1.08
nursery-2 100 L pH outside 5.5–6.5,2026-06-23 16:40:00+07:00,2026-06-24 18:30:00+07:00,26.0,8.34
nursery-2 100 L |EC − setpoint| > 0.3,2026-06-23 16:40:00+07:00,2026-06-24 14:30:00+07:00,22.0,0.42
growing 200 L pH outside 5.5–6.5,2026-06-23 16:40:00+07:00,2026-06-25 15:20:00+07:00,46.8,7.22
nursery-2 100 L pH outside 5.5–6.5,2026-06-20 07:40:00+07:00,2026-06-23 15:30:00+07:00,80.0,8.46
nursery-2 100 L |EC − setpoint| > 0.3,2026-06-20 07:40:00+07:00,2026-06-23 15:30:00+07:00,80.0,0.4
growing 200 L pH outside 5.5–6.5,2026-06-20 07:40:00+07:00,2026-06-23 15:30:00+07:00,80.0,4.47
nursery-2 100 L |EC − setpoint| > 0.3,2026-06-19 23:30:00+07:00,2026-06-20 07:20:00+07:00,8.0,0.41
growing 200 L pH outside 5.5–6.5,2026-06-19 23:30:00+07:00,2026-06-20 07:20:00+07:00,8.0,4.45
nursery-2 100 L pH outside 5.5–6.5,2026-06-19 23:30:00+07:00,2026-06-20 07:20:00+07:00,8.0,8.35
nursery-2 100 L pH outside 5.5–6.5,2026-06-19 22:10:00+07:00,2026-06-19 23:10:00+07:00,1.2,8.36
nursery-2 100 L |EC − setpoint| > 0.3,2026-06-19 22:10:00+07:00,2026-06-19 23:10:00+07:00,1.2,0.39
growing 200 L pH outside 5.5–6.5,2026-06-19 21:10:00+07:00,2026-06-19 23:10:00+07:00,2.2,4.45
nursery-2 100 L pH outside 5.5–6.5,2026-06-19 21:10:00+07:00,2026-06-19 21:50:00+07:00,0.8,8.36
nursery-2 100 L |EC − setpoint| > 0.3,2026-06-19 21:10:00+07:00,2026-06-19 21:50:00+07:00,0.8,0.43
growing 200 L pH outside 5.5–6.5,2026-06-19 18:50:00+07:00,2026-06-19 20:50:00+07:00,2.2,4.47
nursery-2 100 L pH outside 5.5–6.5,2026-06-19 18:50:00+07:00,2026-06-19 20:50:00+07:00,2.2,8.38
nursery-2 100 L |EC − setpoint| > 0.3,2026-06-19 18:50:00+07:00,2026-06-19 20:50:00+07:00,2.2,0.39
growing 200 L pH outside 5.5–6.5,2026-06-19 16:30:00+07:00,2026-06-19 17:30:00+07:00,1.2,4.46
nursery-2 100 L |EC − setpoint| > 0.3,2026-06-19 16:30:00+07:00,2026-06-19 17:30:00+07:00,1.2,0.43
nursery-2 100 L pH outside 5.5–6.5,2026-06-19 16:30:00+07:00,2026-06-19 17:30:00+07:00,1.2,8.3
nursery-2 100 L |EC − setpoint| > 0.3,2026-06-19 15:20:00+07:00,2026-06-19 15:40:00+07:00,0.5,0.4
nursery-2 100 L pH outside 5.5–6.5,2026-06-19 15:20:00+07:00,2026-06-19 15:40:00+07:00,0.5,8.28
growing 200 L pH outside 5.5–6.5,2026-06-19 15:20:00+07:00,2026-06-19 16:10:00+07:00,1.0,4.46
nursery-2 100 L |EC − setpoint| > 0.3,2026-06-19 13:50:00+07:00,2026-06-19 15:00:00+07:00,1.3,0.42
growing 200 L pH outside 5.5–6.5,2026-06-19 13:50:00+07:00,2026-06-19 15:00:00+07:00,1.3,4.46
nursery-2 100 L pH outside 5.5–6.5,2026-06-19 13:50:00+07:00,2026-06-19 15:00:00+07:00,1.3,8.28
nursery-2 100 L |EC − setpoint| > 0.3,2026-06-19 13:00:00+07:00,2026-06-19 13:30:00+07:00,0.7,0.37
nursery-2 100 L pH outside 5.5–6.5,2026-06-19 13:00:00+07:00,2026-06-19 13:30:00+07:00,0.7,8.28
growing 200 L pH outside 5.5–6.5,2026-06-19 11:00:00+07:00,2026-06-19 13:30:00+07:00,2.7,4.46
nursery-2 100 L pH outside 5.5–6.5,2026-06-19 11:00:00+07:00,2026-06-19 12:10:00+07:00,1.3,8.3
nursery-2 100 L |EC − setpoint| > 0.3,2026-06-19 11:00:00+07:00,2026-06-19 12:10:00+07:00,1.3,0.38
nursery-2 100 L pH outside 5.5–6.5,2026-06-16 09:10:00+07:00,2026-06-19 09:10:00+07:00,72.2,8.56
nursery-2 100 L |EC − setpoint| > 0.3,2026-06-16 09:10:00+07:00,2026-06-19 09:10:00+07:00,72.2,0.43
nursery-2 100 L pH outside 5.5–6.5,2026-06-15 15:30:00+07:00,2026-06-16 08:50:00+07:00,17.5,8.33
nursery-2 100 L |EC − setpoint| > 0.3,2026-06-15 15:30:00+07:00,2026-06-16 08:50:00+07:00,17.5,0.43
nursery-2 100 L |EC − setpoint| > 0.3,2026-06-15 14:40:00+07:00,2026-06-15 15:10:00+07:00,0.7,0.4
growing 200 L pH outside 5.5–6.5,2026-06-15 12:40:00+07:00,2026-06-19 09:10:00+07:00,92.7,4.47
nursery-2 100 L pH outside 5.5–6.5,2026-06-15 12:20:00+07:00,2026-06-15 15:10:00+07:00,3.0,8.59
nursery-2 100 L pH outside 5.5–6.5,2026-01-06 13:30:00+07:00,2026-01-06 14:30:00+07:00,1.2,9.47
growing 200 L pH outside 5.5–6.5,2026-01-06 09:10:00+07:00,2026-01-06 16:20:00+07:00,7.3,9.78
