,gw.xy_md_20_t,gw.xy_md_21_t,gw.xy_md_22_t,gw.xy_md_23_t,gw.xy_md_24_t,gw.xy_md_20_h,gw.xy_md_21_h,gw.xy_md_22_h,gw.xy_md_23_h,gw.xy_md_24_h,gw.waterLevel_1,gc1.ambTemperature,gc1.ambHumidity,gc1.ec,gc1.ph,gc1.waterTemperature,gc1.led,gc1.currentStageBrightness1,gc2.ambTemperature,gc2.ambHumidity,gc2.ec,gc2.ph,gc2.waterTemperature,co2.CO2,co2.temperature,co2.humidity,co2.VPD,co2.pressure
2026-09-06 09:56:39.297000+07:00,,,,,,,,,,,,31.005859375,51.05658637152778,0.84095698595047,6.889847066667345,42.15203094482422,,,31.478515625,50.364990234375,0.9805082976818085,6.507430505752564,48.53194808959961,,22.185000000000002,79.555,0.5449999999999999,101.185
2026-09-06 10:56:39.297000+07:00,27.1,20.5,21.0,21.8,33.75,69.95,82.1,78.6,78.75,60.0,0.0,31.13409423828125,50.82763671875,0.839837908744812,6.87170991897583,42.353048706054686,,,31.58954620361328,50.121307373046875,0.9929341971874237,6.501646816730499,48.66347360610962,451.0,,,,
2026-09-06 11:56:39.297000+07:00,,,,,,,,,,,,31.189231872558594,51.630401611328125,0.8393701513608297,6.879314661026001,42.19947385787964,,,31.66759490966797,50.481414794921875,0.9909977614879608,6.493521273136139,48.70033121109009,438.5,23.825000000000003,37.22,1.845,101.16499999999999
2026-09-06 12:56:39.297000+07:00,,,,,,,,,,,,31.107686360677082,51.641845703125,0.8524331053098043,6.889737712012397,41.636208852132164,,,31.612205505371094,50.478363037109375,0.9937410553296407,6.5050336718559265,48.43124341964722,431.5,23.575000000000003,39.12,1.725,100.945
2026-09-06 13:56:39.297000+07:00,,,,,,,,,,,,31.085466657366073,49.582345145089285,0.8383963505427042,6.880317347390311,42.657374245779856,,,31.584930419921875,49.652099609375,0.9780877232551575,6.531113783518474,48.71617317199707,423.0,22.87,78.06,0.61,100.75
2026-09-06 14:56:39.297000+07:00,,,,,,,,,,,,31.195526123046875,49.574788411458336,0.8316319982210795,6.877700487772624,43.1190071105957,,,31.71794891357422,49.371337890625,0.9859951436519623,6.528845191001892,48.88655614852905,422.0,22.03,77.45,0.6,100.73
2026-09-06 15:56:39.297000+07:00,28.0,22.0,21.7,22.1,32.5,68.3,84.7,86.1,84.4,67.2,0.0,31.0555419921875,50.9228515625,0.8406026065349579,6.87030143737793,43.22624588012695,,,31.487579345703125,49.97100830078125,0.9939561684926351,6.515048384666443,48.927860260009766,423.0,23.57,78.38,0.63,100.76
2026-09-06 16:56:39.297000+07:00,,,,,,,,,,,,31.05327606201172,51.4312744140625,0.8374377489089966,6.881289601325989,42.7450270652771,,,31.494053431919642,50.217982700892854,0.9887384921312332,6.53195333480835,48.86310250418527,424.0,23.355,32.9,2.0,100.78999999999999
2026-09-06 17:56:39.297000+07:00,,,,,,,,,,,,31.0394287109375,50.11664496527778,0.8342776596546173,6.8777187665303545,42.79538938734267,,,31.51275634765625,49.725341796875,0.9853496154149374,6.567631165186564,48.7761656443278,426.0,22.325,85.63,0.385,101.025
2026-09-06 18:56:39.297000+07:00,,,,,,,,,,,,30.94207763671875,50.472005208333336,0.8240586519241333,6.872451066970825,43.3528086344401,,,31.443939208984375,49.778238932291664,0.9853495478630065,6.576037963231404,48.95051511128744,428.6666666666667,22.61,90.22,0.27,101.22
2026-09-06 19:56:39.297000+07:00,,,,,,,,,,,,31.185455322265625,52.811686197916664,0.8429473241170248,6.870797872543335,43.56624412536621,,,31.84912109375,50.7861328125,0.9951934814453125,6.573365306854248,49.10536422729492,429.5,23.490000000000002,88.14500000000001,0.345,101.25
2026-09-06 20:56:39.297000+07:00,25.15,21.85,21.5,21.6,26.95,78.4,88.69999999999999,90.45,89.5,92.7,0.0,31.02306365966797,53.206634521484375,0.8349270820617675,6.895028531551361,43.571528911590576,,,31.4906005859375,51.1962890625,0.9866405725479126,6.580941009521484,49.01827774047852,,,,,
2026-09-06 21:56:39.297000+07:00,,,,,,,,,,,,30.880813598632812,51.922607421875,0.8267667293548584,6.909414172172546,43.55921268463135,,,31.54296875,50.927734375,1.0082648992538452,6.578777472178142,48.96516036987305,436.0,22.565,91.97,0.195,101.39
2026-09-06 22:56:39.297000+07:00,,,,,,,,,,,,31.011734008789062,52.57720947265625,0.812398850917816,6.875771880149841,43.772982597351074,,,31.5872802734375,50.95703125,0.977603852748871,6.562967109680176,48.569855499267575,442.0,23.18,93.91,0.16999999999999998,101.39
2026-09-06 23:56:39.297000+07:00,,,,,,,,,,,,31.099853515625,53.77197265625,,6.867764949798585,43.7608642578125,,,31.646194458007812,51.45416259765625,1.0035309394200642,6.592550039291382,48.19103240966797,429.0,23.38,80.77,0.55,101.17
2026-09-07 00:56:39.297000+07:00,,,,,26.6,,,,,96.0,,31.147689819335938,54.35028076171875,0.83784019947052,6.875153541564941,43.509124755859375,,,31.65374755859375,51.98974609375,0.982660194238027,6.585292458534241,47.7086181640625,437.0,22.685000000000002,86.305,0.36,101.235
2026-09-07 01:56:39.297000+07:00,24.6,20.85,21.1,21.5,,82.25,82.30000000000001,88.9,86.1,,0.0,30.870742797851562,52.5177001953125,0.8197016716003418,6.900845885276794,43.39849090576172,,,31.610107421875,51.603190104166664,0.9866405725479126,6.5979054768880205,47.784750620524086,432.0,21.86,79.66,0.53,101.05
2026-09-07 02:56:39.297000+07:00,,,,,,,,,,,,30.923614501953125,52.4627685546875,0.8349788983662924,6.900732398033142,42.92470836639404,,,31.477508544921875,51.318359375,0.986963450908661,6.591751098632812,47.98015785217285,438.0,23.22,95.07,0.14,101.26
2026-09-07 03:56:39.297000+07:00,,,,,,,,,,,,31.132080078125,54.720458984375,0.8409831821918488,6.884005928039551,43.46547088623047,,,31.847610473632812,52.099609375,0.9904060363769531,6.608559012413025,48.49580955505371,453.0,23.375,91.55000000000001,0.24,101.125
2026-09-07 04:56:39.297000+07:00,,,,,,,,,,,,31.215667724609375,55.426025390625,0.8400404155254364,6.873065233230591,43.710039138793945,,,31.76251220703125,52.799072265625,0.9916108846664429,6.5994189262390135,48.75903167724609,,,,,
2026-09-07 05:56:39.297000+07:00,,,,,26.2,,,,,93.3,,30.93536376953125,53.397623697916664,0.9788374602794647,6.884485403696696,43.512429555257164,,,31.5765380859375,52.138264973958336,0.9877703189849854,6.632813453674316,48.70777384440104,445.0,22.47,44.26,1.51,101.10499999999999
2026-09-07 06:56:39.297000+07:00,24.2,20.5,21.0,21.5,26.2,81.4,71.6,73.1,71.7,92.9,0.0,30.92529296875,52.866617838541664,,6.883905092875163,43.5791130065918,,,31.570663452148438,51.873779296875,1.00180983543396,6.6267640590667725,48.70868492126465,452.0,23.71,93.51,0.19,101.3
2026-09-07 07:56:39.297000+07:00,,,,,,,,,,,,31.147689819335938,54.2999267578125,0.823579251766205,6.87620735168457,43.754730224609375,,,31.905517578125,52.203369140625,1.0021324157714844,6.6508863766988116,48.92056020100912,451.0,23.869999999999997,93.015,0.20500000000000002,101.33500000000001
2026-09-07 08:56:39.297000+07:00,,,,,,,,,,,,31.157760620117188,54.840087890625,0.826993981997172,6.879841446876526,43.68826961517334,,,31.67388916015625,52.976481119791664,1.0060054063797,6.633750120798747,48.96367390950521,456.0,23.240000000000002,94.24,0.18,101.38
2026-09-07 09:56:39.297000+07:00,,,,,,,,,,,,30.9185791015625,52.6397705078125,0.826286554336548,6.898694276809692,43.86760997772217,,,31.500167846679688,51.953125,0.9859951734542847,6.651524305343628,48.84192085266113,458.0,21.88,75.59,0.64,101.05
2026-09-07 10:56:39.297000+07:00,,,,,,,,,,,,30.8782958984375,50.0213623046875,0.965015947818756,6.90399432182312,43.832759857177734,,,31.34356689453125,50.4931640625,0.9914818704128265,6.663687229156494,48.823682403564455,549.25,22.6,37.865,1.775,101.185
2026-09-07 11:56:39.297000+07:00,26.799999999999997,21.8,21.3,21.6,32.5,72.55,73.95,78.9,77.9,65.9,0.0,30.616455078125,49.920654296875,0.8280304074287415,6.9400177001953125,43.02928670247396,,,31.152725219726562,49.951171875,0.9919658601284027,6.631729006767273,48.931702613830566,528.5,23.725,74.00999999999999,0.765,101.05000000000001
2026-09-07 12:56:39.297000+07:00,,,,,,,,,,,,30.56610107421875,49.2340087890625,0.8493083119392395,6.935542106628418,42.68874168395996,,,30.81157684326172,49.593353271484375,0.9887062311172485,6.647778213024139,48.904590129852295,,23.39,79.46,0.59,101.06
2026-09-07 13:56:39.297000+07:00,,,,,,,,,,,,30.83465576171875,47.975667317708336,0.8383879661560059,6.8891628583272295,42.67968622843424,,,31.189371744791668,48.574490017361114,0.9818639039993287,6.688865926530626,48.82885403103299,501.5,21.695,74.6,0.66,100.815
2026-09-07 14:56:39.297000+07:00,,,,,,,,,,,,30.953826904296875,46.966552734375,0.842741072177887,6.890624523162842,42.385847091674805,,,31.35968017578125,48.0120849609375,0.982122004032135,6.6719927310943605,48.911886596679686,744.3333333333334,22.28,76.465,0.635,100.82499999999999
2026-09-07 15:56:39.297000+07:00,,,,,,,,,,,,30.7843017578125,47.589111328125,0.841417968273163,6.929341634114583,42.6143798828125,,,31.141255696614582,47.98448350694444,0.9809388021628062,6.673663404252794,49.008558909098305,772.0,24.08,79.3,0.62,100.84
2026-09-07 16:56:39.297000+07:00,27.95,22.1,21.7,22.0,32.9,72.35,75.5,78.0,76.6,63.2,0.0,30.66680908203125,48.028564453125,0.8388453125953674,6.925995707511902,42.26423740386963,,,31.085466657366073,47.930908203125,0.9893301725387573,6.693461758749826,49.014064243861604,747.0,22.05,65.82,0.91,100.55
2026-09-07 17:56:39.297000+07:00,26.55,20.35,21.049999999999997,21.9,31.5,71.69999999999999,71.2,70.05,65.7,67.1,0.0,30.6768798828125,46.34765625,0.8360915184020995,6.9246745109558105,42.56931838989258,,,31.228256225585938,47.4578857421875,0.983413298924764,6.731226027011871,48.936091899871826,710.0,21.28,-6.0,2.68,100.6
2026-09-07 18:56:39.297000+07:00,26.1,20.1,21.1,21.8,31.0,71.8,61.1,61.5,58.2,68.3,0.0,30.56610107421875,45.831298828125,0.833449900150299,6.925194501876831,43.19111442565918,,,30.971450805664062,47.313690185546875,0.975344479084015,6.70505303144455,48.89121198654175,692.0,23.1,76.09,0.7,100.98
2026-09-07 19:56:39.297000+07:00,,,,,,,,,,,,30.488052368164062,46.74072265625,,6.947246193885803,43.432464599609375,,,30.88232421875,47.449951171875,0.9798630475997925,6.680941009521485,48.982469177246095,669.0,22.95,65.75,0.96,100.84
2026-09-07 20:56:39.297000+07:00,26.2,21.6,21.1,21.5,30.15,73.2,69.2,72.1,64.65,71.05,0.0,30.47882080078125,47.711181640625,,6.901647249857585,42.92775344848633,,,30.843048095703125,47.532145182291664,,6.685633103052775,48.97866757710775,645.0,22.6,74.07,0.71,101.08
2026-09-07 21:56:39.297000+07:00,,,,,,,,,,,,30.37811279296875,46.144612630208336,0.842885196208954,6.911187171936035,43.02390670776367,,,30.845565795898438,47.211456298828125,0.9739888191223145,6.7426939606666565,48.87721395492554,628.0,22.19,78.83,0.57,101.18
2026-09-07 22:56:39.297000+07:00,25.2,21.2,21.4,21.8,29.0,77.2,88.2,87.6,85.2,81.5,,30.8648681640625,48.628743489583336,0.844036877155304,6.893840312957764,42.33220291137695,,,31.15692138671875,47.760009765625,0.9716652154922485,6.677488327026367,48.99228286743164,630.0,22.905,91.16999999999999,0.245,101.28999999999999
2026-09-07 23:56:39.297000+07:00,,,,,,,,,,,,31.1925048828125,51.424560546875,0.852200984954834,6.882178688049317,42.24588165283203,,,31.7403564453125,49.2633056640625,0.9845197626522609,6.69219822883606,49.227199935913085,594.0,23.405,42.775,1.61,101.11500000000001
2026-09-08 00:56:39.297000+07:00,,,,,,,,,,,,30.9588623046875,51.94091796875,0.8465935786565145,6.9105247259140015,42.47661018371582,,,31.529876708984375,50.2923583984375,0.9801856726408005,6.677634286880493,49.195015335083006,580.5,22.53333333333333,86.29499999999999,0.365,101.09
2026-09-08 01:56:39.297000+07:00,,,,,,,,,,,,30.93536376953125,51.706949869791664,0.8452765345573425,6.922510623931885,42.49756622314453,,,31.486572265625,50.0799560546875,0.9822834134101868,6.704408025741577,49.13945274353027,562.5,21.97,80.15,1.665,101.0
2026-09-08 02:56:39.297000+07:00,24.7,21.7,21.7,22.0,27.15,84.9,90.2,90.2,88.6,95.85,0.0,31.087265014648438,52.29644775390625,0.835443615913391,6.904297232627869,43.104042053222656,,,31.537373860677082,50.30992296006944,0.987770269314448,6.716655413309733,49.18609322441949,,23.77,94.54,0.16,121.5
2026-09-08 03:56:39.297000+07:00,,,,,,,,,,,,31.0260009765625,53.094482421875,0.859879195690155,6.912903308868408,42.60736974080404,,,31.645914713541668,51.00640190972222,0.9884696205457052,6.726536909739177,49.30453575981988,560.0,24.05,94.4,0.17,101.1
2026-09-08 04:56:39.297000+07:00,,,,,,,,,,,,31.0797119140625,53.839111328125,0.8491193652153015,6.9107666015625,43.43393071492513,,,31.5496826171875,51.491970486111114,0.994870737195015,6.724793116251628,49.31711535983615,545.0,23.675,87.655,0.35000000000000003,101.005
2026-09-08 05:56:39.297000+07:00,,,,,,,,,,,,30.91455078125,52.21923828125,0.837904155254364,6.943057823181152,43.348175811767575,,,31.429951985677082,51.03895399305556,0.9925576547781626,6.752887566884358,49.20760303073459,524.0,22.5,85.87,0.38,100.97999999999999
2026-09-08 06:56:39.297000+07:00,,,,,,,,,,,,30.92529296875,52.276611328125,0.8323602974414825,6.925387859344482,43.01059595743815,,,31.446576799665177,50.864955357142854,0.9845966100692749,6.745683329445975,49.18727329799107,,,,,
2026-09-08 07:56:39.297000+07:00,,,,,,,,,,,,31.08978271484375,53.93829345703125,0.855853796005249,6.921118497848511,43.12624263763428,,,31.66748046875,51.55861594460227,0.9952903151512146,6.7186829393560235,49.3692758733576,529.3333333333334,23.66,90.745,0.27,101.245
2026-09-08 08:56:39.297000+07:00,,,,,,,,,,,,31.07366943359375,53.857421875,0.8511457443237305,6.922796821594238,43.04782638549805,,,31.6436767578125,51.91107855902778,0.9925146579742432,6.739260143703884,49.38246960110135,515.5,24.76,93.68,0.2,101.35
2026-09-08 09:56:39.297000+07:00,,,,,,,,,,,,30.943756103515625,52.13623046875,0.829742819070816,6.945769786834717,43.83190155029297,,,31.598358154296875,51.1260986328125,0.9904060860474905,6.771397888660431,49.30041551589966,487.6666666666667,23.59,85.9,0.41000000000000003,101.22
2026-09-08 10:56:39.297000+07:00,26.8,20.65,21.066666666666666,21.85,32.9,68.75,75.4,76.5,74.19999999999999,63.1,0.0,31.0394287109375,51.7120361328125,1.127909779548645,6.932210445404053,44.132720947265625,,,31.56512451171875,50.927734375,0.9913897514343262,6.759563541412353,49.324639892578126,,23.17,79.955,0.55,111.355
2026-09-08 11:56:39.297000+07:00,,,,,,,,,,,,31.16363525390625,52.382405598958336,1.1368417143821716,6.920626163482666,44.172079722086586,,,31.598358154296875,51.2969970703125,0.9900295734405518,6.745575964450836,49.43548917770386,469.0,24.375,89.65,0.31,101.2
2026-09-08 12:56:39.297000+07:00,,,,,,,,,,,,,,,,,,,31.55303955078125,51.34364536830357,0.9847042858600616,6.757843562534878,49.59613527570452,465.0,24.205,87.58,0.37,101.11
2026-09-08 13:56:39.297000+07:00,,,,,,,,,,,,30.880813598632812,51.26495361328125,0.8301647901535034,6.942192316055298,43.76377010345459,,,31.520309448242188,50.64697265625,0.995919719338417,6.796109557151794,49.65107440948486,481.0,22.57,86.53,0.37,100.88
2026-09-08 14:56:39.297000+07:00,27.6,21.9,22.1,22.35,33.8,70.5,88.9,88.8,83.95,61.8,0.0,31.097335815429688,51.1993408203125,0.831911027431488,6.941277265548706,43.408860206604004,,,31.602134704589844,50.48980712890625,0.9910514950752258,6.782312631607056,49.733680725097656,478.0,,,,
2026-09-08 15:56:39.297000+07:00,27.8,22.3,22.3,22.8,,70.8,89.0,89.3,87.2,,0.0,31.27777099609375,52.604166666666664,,6.937720934549968,43.15612920125326,,,31.739908854166668,51.345486111111114,0.9893839359283447,6.758456177181667,49.893863677978516,483.0,24.81,92.86,0.22,100.89
2026-09-08 16:56:39.297000+07:00,,,,,,,,,,,,31.03338623046875,52.874755859375,0.8379361430803934,6.931771373748779,43.374402618408205,,,31.575419108072918,51.644558376736114,0.9905135869979859,6.772926754421658,49.975377824571396,452.0,22.935000000000002,80.145,0.54,100.725
2026-09-08 17:56:39.297000+07:00,,,,,,,,,,,,30.938720703125,51.991780598958336,,6.949137051900228,43.41922124226888,,,31.5496826171875,51.23969184027778,0.9872054904699326,6.827170901828342,49.941684299045136,465.0,22.37,90.77,0.25,100.92
2026-09-08 18:56:39.297000+07:00,,,,,,,,,,,,30.86151123046875,51.829020182291664,0.840093433856964,6.950205167134603,43.259727478027344,,,31.40575408935547,51.080322265625,0.9861027201016744,6.819093644618988,49.995100021362305,459.0,22.76,91.62,0.23,101.0
2026-09-08 19:56:39.297000+07:00,25.5,22.45,22.2,22.5,28.3,81.05000000000001,86.30000000000001,87.1,85.0,83.25,0.0,31.890411376953125,52.813720703125,0.8464813232421875,6.920373916625977,43.66084098815918,,,32.0223388671875,51.2890625,0.9897069334983826,6.7694642543792725,50.250135040283205,462.5,24.225,89.82,0.30500000000000005,101.13499999999999
2026-09-08 20:56:39.297000+07:00,,,,,,,,,,,,32.333526611328125,53.350830078125,0.8433566689491272,6.938311696052551,43.59876251220703,,,32.64823913574219,51.7547607421875,1.0004266500473022,6.775922775268555,50.43022584915161,,24.89,91.95,0.26,101.22
2026-09-08 21:56:39.297000+07:00,,,,,,,,,,,,32.665863037109375,54.06951904296875,0.8389518558979034,6.943119764328003,43.666314125061035,,,33.031768798828125,52.24609375,1.0076730052630107,6.78061056137085,50.57705434163412,468.5,24.9,94.13,0.185,101.21
2026-09-08 22:56:39.297000+07:00,,,,,,,,,,,,32.8857421875,54.691569010416664,0.8450278639793396,6.948564847310384,43.7088623046875,,,33.29906463623047,52.581787109375,1.0092329531908035,6.794611990451813,50.70482540130615,,,,,
2026-09-08 23:56:39.297000+07:00,,,,23.7,28.0,,,,89.1,83.1,,33.19709777832031,55.28564453125,1.0133754909038544,6.947366118431091,43.7095251083374,,,33.6256103515625,52.998046875,1.0146874070167542,6.806106519699097,50.827246856689456,,25.4,95.8,0.135,101.155
2026-09-09 00:56:39.297000+07:00,25.925,23.866666666666664,23.700000000000003,23.85,28.166666666666668,83.525,89.96666666666665,90.95,89.19999999999999,79.89999999999999,0.0,33.43963623046875,55.704752604166664,0.863994389772415,6.947328249613444,43.81018320719401,,,33.906585693359375,53.3154296875,1.018011748790741,6.823667097091675,50.96350593566895,,25.59,-6.0,3.48,101.15
2026-09-09 01:56:39.297000+07:00,,,,,,,,,,,,33.62091064453125,56.011962890625,1.163803259531657,6.9355842272440595,44.07976277669271,,,34.146270751953125,53.69873046875,1.0280733704566956,6.825318217277527,51.036587715148926,472.0,25.845,96.455,0.12,101.135
2026-09-09 02:56:39.297000+07:00,,,,,,,,,,,,33.8323974609375,56.382242838541664,1.174885352452596,6.985698541005452,44.313149770100914,,,34.330342610677086,54.007297092013886,1.0273068481021457,6.784566349453396,51.52955839369032,,26.064999999999998,45.685,1.845,101.08
2026-09-09 03:56:39.297000+07:00,,,,,,,,,,,,,,,,,,,34.5550537109375,54.26691228693182,1.0351995554837314,6.798879796808416,51.645927082408555,,26.205,97.985,0.065,101.065
2026-09-09 04:56:39.297000+07:00,,,,,,,,,,,,,,,,,,,34.71527099609375,54.52183314732143,1.0319636719567435,6.811988762446812,51.73130580357143,,26.39,-6.0,3.65,101.06
2026-09-09 05:56:39.297000+07:00,25.95,24.75,24.5,24.6,27.25,85.55,92.35,92.75,91.2,84.5,0.0,,,,,,,,34.845184326171875,54.7967529296875,1.0393453359603881,6.861891794204712,51.81555709838867,480.0,26.47666666666667,98.47,0.05,101.07
2026-09-09 06:56:39.297000+07:00,,,,,,,,,,,,,,,,,,,34.931233723958336,55.100504557291664,1.0464565621482,6.871533499823676,51.85372331407335,,26.57,99.01,0.03,101.1
2026-09-09 07:56:39.297000+07:00,,,,,,,,,,,,,,,,,,,35.073343912760414,55.38804796006944,1.0488951603571575,6.833507325914171,51.95189073350694,483.0,26.959999999999997,28.41,2.56,101.18666666666667
2026-09-09 08:56:39.297000+07:00,,,,,,,,,,,,,,,,,,,35.332467215401785,55.555943080357146,1.054048776626587,6.858568464006696,52.07370049612863,,27.355,96.92,0.10500000000000001,101.24
2026-09-09 09:56:39.297000+07:00,,,,,,,,,,,,,,,,,,,35.59600830078125,55.67515980113637,1.0584961067546497,6.886142730712891,52.173436251553625,475.0,27.685000000000002,96.285,0.14,101.26
2026-09-09 10:56:39.297000+07:00,,,,,,,,,,,,,,,,,,,35.900748116629465,55.827113560267854,1.064376711845398,6.892540046146938,52.31605965750558,,28.02,95.92,0.15,101.22
2026-09-09 11:56:39.297000+07:00,,,,,,,,,,,,,,,,,,,36.204490661621094,55.9417724609375,1.0624460130929947,6.916774332523346,52.39958953857422,,28.34,95.4,0.18,101.155
2026-09-09 12:56:39.297000+07:00,29.9,27.1,26.9,27.3,34.2,73.5,89.4,90.6,88.3,56.6,,,,,,,,,36.545918782552086,55.946858723958336,1.072348157564799,6.928508175743951,52.45652643839518,631.0,29.04,95.13,0.2,101.01
2026-09-09 13:56:39.297000+07:00,30.3,27.1,26.8,27.3,,72.6,89.5,90.8,88.2,,0.0,,,,,,,,36.932106018066406,55.938720703125,1.0787044614553452,6.909879982471466,52.53744888305664,618.0,28.67,96.31,0.14,100.91
2026-09-09 14:56:39.297000+07:00,,,,,,,,,,,,,,,,,,,37.11589813232422,56.0455322265625,1.0780992209911346,6.912317872047424,52.6404824256897,597.0,28.895,44.285,2.205,100.8
2026-09-09 15:56:39.297000+07:00,,,,,,,,,,,,,,,,,,,37.35382080078125,56.0638427734375,1.0869749635457993,6.890831470489502,52.52327251434326,,29.13,94.53,0.22,100.73
2026-09-09 16:56:39.297000+07:00,,,,,,,,,,,,,,,,,,,37.658182779947914,56.107584635416664,1.0911752118004694,6.877417829301622,52.8456916809082,582.0,29.58,94.25,0.24,100.72
2026-09-09 17:56:39.297000+07:00,,,,27.9,32.0,,,,88.4,68.1,,,,,,,,,37.818196614583336,56.227620442708336,1.0975941552056208,6.864942285749647,52.96791670057509,,29.49,95.02,0.21,100.76
2026-09-09 18:56:39.297000+07:00,28.8,27.7,27.7,27.9,31.9,83.3,89.4,90.5,88.5,68.4,0.0,,,,,,,,37.8204345703125,56.390380859375,1.097880979379018,6.867116769154866,53.0018310546875,564.0,29.46666666666667,44.725,2.2800000000000002,100.86
2026-09-09 19:56:39.297000+07:00,,,,,,,,,,,,,,,,,,,37.78887939453125,56.58447265625,1.094115686416626,6.870694637298584,53.09610595703125,548.0,29.54,94.80000000000001,0.215,100.99000000000001
2026-09-09 20:56:39.297000+07:00,28.2,27.6,27.6,27.7,30.4,87.0,90.6,91.7,89.8,77.8,0.0,,,,,,,,37.85400390625,56.68402777777778,1.0955500602722168,6.885132206810845,53.121420542399086,,,,,
2026-09-09 21:56:39.297000+07:00,,,,,,,,,,,,,,,,,,,37.9117431640625,56.83349609375,1.1006997346878051,6.91193208694458,53.14548187255859,538.5,29.56,96.32,0.155,101.16499999999999
2026-09-09 22:56:39.297000+07:00,,,,,,,,,,,,,,,,,,,37.926177978515625,56.939697265625,1.103905737400055,6.9119493166605634,53.19895044962565,,,,,
2026-09-09 23:56:39.297000+07:00,,,,,,,,,,,,,,,,,,,37.956630161830354,57.051304408482146,1.102737648146493,6.935742650713239,52.944226946149556,,29.59,-6.0,4.39,101.09
2026-09-10 00:56:39.297000+07:00,,,,,,,,,,,,,,,,,,,37.981087820870535,57.162911551339285,1.1044898203441076,6.939036505562918,53.050248282296316,522.0,29.62,97.2,0.12,101.07
2026-09-10 01:56:39.297000+07:00,,,,,,,,,,,,,,,,,,,38.019932338169646,57.260567801339285,1.1063800879887171,6.92583349772862,53.330909729003906,519.0,,97.685,0.095,101.035
2026-09-10 02:56:39.297000+07:00,,,,,,,,,,,,,,,,,,,38.07891845703125,57.288614908854164,1.1067566672960918,6.901599725087483,53.39255142211914,518.0,29.65,97.445,0.10500000000000001,101.0
2026-09-10 03:56:39.297000+07:00,27.8,27.7,27.8,27.8,28.8,91.1,92.0,93.2,91.6,82.5,0.0,,,,,,,,38.191135951450896,57.258823939732146,1.10748667376382,6.89002125603812,53.40077917916434,515.5,29.625,97.92,0.09,101.015
2026-09-10 04:56:39.297000+07:00,,,,,,,,,,,,,,,,,,,38.02520751953125,57.525634765625,1.1120820045471191,6.8596571286519366,53.354443868001304,515.5,29.700000000000003,98.645,0.06,100.995
2026-09-10 05:56:39.297000+07:00,,,,,,,,,,,,,,,,,,,,,,,,,29.9,,,
2026-09-10 06:56:39.297000+07:00,,,,,,,,,,,,,,,,,,,37.9681396484375,57.71484375,1.1081014076868694,6.858397642771403,53.46976979573568,,29.59,98.28,0.07,101.04
2026-09-10 07:56:39.297000+07:00,,,,,,,,,,,,,,,,,,,37.99835205078125,57.8125,1.107671062151591,6.847676595052083,53.488485972086586,523.0,29.85,99.77,0.01,101.17
2026-09-10 08:56:39.297000+07:00,,,,,,,,,,,,,,,,,,,37.9278564453125,57.861328125,1.1038787066936493,6.849799871444702,53.52532768249512,522.0,29.525,98.96000000000001,0.04,101.235
2026-09-10 09:56:39.297000+07:00,,,,,,,,,,,,,,,,,,,38.044677734375,57.96875,1.1134160041809082,6.869177055358887,53.5689697265625,512.0,29.75,97.92,0.09,101.25
2026-09-10 10:56:39.297000+07:00,29.3,28.2,28.1,28.4,32.2,86.1,91.7,92.85,91.05,68.5,0.0,,,,,,,,38.2501220703125,57.899169921875,1.1110921859741212,6.8614849090576175,53.63067398071289,508.0,30.200000000000003,97.29,0.11,101.24
2026-09-10 11:56:39.297000+07:00,29.3,28.3,,,,85.8,91.6,,,,0.0,,,,,,,,,,,,,500.0,,,,
2026-09-10 12:56:39.297000+07:00,,,,,,,,,,,,,,,,,,,38.61468505859375,57.882080078125,1.119031810760498,6.887092781066895,53.78928680419922,491.0,30.33,96.11500000000001,0.165,101.03
2026-09-10 13:56:39.297000+07:00,,,,,,,,,,,,,,,,,,,38.79646301269531,57.62939453125,1.1260677576065063,6.883617997169495,53.84798145294189,,30.53,92.83,0.31,100.9
2026-09-10 14:56:39.297000+07:00,,,,,,,,,,,,,,,,,,,38.80401611328125,57.694498697916664,1.122732679049174,6.875318845113118,53.817830403645836,461.0,30.6,95.07,0.22,100.81
2026-09-10 15:56:39.297000+07:00,,,,,,,,,,,,,,,,,,,38.834228515625,57.77587890625,1.1204196512699127,6.892926454544067,53.86645793914795,461.0,31.04,94.41,0.25,100.8
2026-09-10 16:56:39.297000+07:00,,,,,,,,,,,,,,,,,,,38.86444091796875,57.92236328125,1.1291338801383972,6.896551251411438,53.90346050262451,,30.59,96.06,0.17,100.81
2026-09-10 17:56:39.297000+07:00,,,,,,,,,,,,,,,,,,,38.84681701660156,58.04443359375,1.1290532052516937,6.940065503120422,54.03193759918213,462.0,30.683333333333334,96.43333333333334,0.16,100.86333333333334
2026-09-10 18:56:39.297000+07:00,28.9,28.6,28.5,28.55,30.549999999999997,88.2,92.0,93.5,92.19999999999999,76.6,0.0,,,,,,,,38.7576904296875,58.172607421875,1.1318772077560424,6.926702785491943,53.83805465698242,463.0,30.835,96.6,0.15,100.985
2026-09-10 19:56:39.297000+07:00,,,,,,,,,,,0.0,,,,,,,,38.753662109375,58.306884765625,1.1444642543792725,6.879839897155762,54.099430084228516,466.0,,,,
2026-09-10 20:56:39.297000+07:00,,,,,,,,,,,,,,,,,,,38.55224609375,58.43505859375,1.1606016159057617,6.88045310974121,54.087039947509766,,30.25,98.82,0.05,101.28
2026-09-10 21:56:39.297000+07:00,,,,,,,,,,,,,,,,,,,38.38859558105469,58.59375,1.125583678483963,6.874947547912598,54.09881019592285,482.0,30.01,,,101.39
2026-09-10 22:56:39.297000+07:00,,,,,,,,,,,,,,,,,,,38.14739990234375,58.8232421875,1.1263259172439575,6.907533931732178,54.09546432495117,488.0,29.77,,,101.4
2026-09-10 23:56:39.297000+07:00,,,,,,,,,,,,,,,,,,,38.05877685546875,58.9697265625,1.1187736749649049,6.9849776268005375,54.04691772460937,491.0,29.51,-6.0,4.37,101.29
2026-09-11 00:56:39.297000+07:00,,,,,,,,,,,,,,,,,,,37.91107177734375,59.112548828125,1.1245616674423218,6.941959857940674,54.02925237019857,,29.4,,,101.25
2026-09-11 01:56:39.297000+07:00,,,,,,,,,,,,,,,,,,,37.77931213378906,59.222412109375,1.1250994801521301,6.932420134544373,54.006574630737305,486.0,29.3,,,101.24
2026-09-11 02:56:39.297000+07:00,,,,26.9,25.3,,,,98.3,92.7,,,,,,,,,37.630767822265625,59.34295654296875,1.1150135695934296,6.921157956123352,54.00163269042969,486.0,29.22,,,101.22
2026-09-11 03:56:39.297000+07:00,26.9,27.4,,,,97.1,95.9,,,,0.0,,,,,,,,37.58796691894531,59.3994140625,1.1209844648838043,6.9160236120224,53.98989009857178,484.5,29.14,,,101.17
2026-09-11 04:56:39.297000+07:00,,,,,,,,,,,,,,,,,,,37.51495361328125,59.423828125,1.1159549156824748,6.905060450236003,53.99380620320638,481.0,29.02,100.0,0.0,101.19
2026-09-11 05:56:39.297000+07:00,,,,,,,,,,,,,,,,,,,37.5250244140625,59.521484375,1.1138033270835876,6.942115783691406,53.9892692565918,481.0,29.02,,,101.24000000000001
2026-09-11 07:56:39.297000+07:00,,,,,,,,,,,,,,,,,,,,,,,,446.0,31.409999999999993,77.87,1.025,101.32
2026-09-11 08:56:39.297000+07:00,,,,,,,,,,,,,,,,,,,,,,,,429.0,32.125,70.19,1.43,101.3
2026-09-11 09:56:39.297000+07:00,,,,,,,,,,,,,,,,,,,,,,,,,32.505,68.455,1.54,101.31
2026-09-11 10:56:39.297000+07:00,,,,,,,,,,,,,,,,,,,,,,,,,32.53,66.33500000000001,1.65,101.33
2026-09-11 11:56:39.297000+07:00,29.9,30.5,30.6,30.95,31.6,73.6,65.94999999999999,64.85,62.7,70.0,0.0,,,,,,,,,,,,,549.5,,,,
2026-09-11 12:56:39.297000+07:00,,,,,,,,,,,,,,,,,,,,,,,,537.0,33.68,63.95,1.88,101.16
2026-09-11 13:56:39.297000+07:00,,,,,,,,,,,,,,,,,,,,,,,,547.0,31.69,80.06,0.93,101.02
2026-09-11 14:56:39.297000+07:00,,,,,,,,,,,,,,,,,,,,,,,,,31.346666666666664,89.66499999999999,0.47,100.99
2026-09-11 15:56:39.297000+07:00,,,,,,,,,,,,,,,,,,,,,,,,676.5,31.41,93.515,0.3,100.955
2026-09-11 16:56:39.297000+07:00,,,,,,,,,,,,,,,,,,,,,,,,672.0,31.31,96.02,0.18,100.98
2026-09-11 17:56:39.297000+07:00,,,,,,,,,,,,,,,,,,,,,,,,,31.15,96.24,0.17,101.02
2026-09-11 18:56:39.297000+07:00,,,,,,,,,,,,,,,,,,,,,,,,681.0,30.72,99.52,0.02,101.1
2026-09-11 19:56:39.297000+07:00,,,,,,,,,,,,,,,,,,,,,,,,679.0,30.32,100.0,0.0,101.29499999999999
2026-09-11 20:56:39.297000+07:00,,,,,,,,,,,,,,,,,,,,,,,,669.0,30.03,,,101.33
2026-09-11 21:56:39.297000+07:00,,,,,,,,,,,,,,,,,,,,,,,,,29.945,100.0,0.0,101.375
2026-09-11 22:56:39.297000+07:00,,,,,,,,,,,,,,,,,,,,,,,,655.0,,,,
2026-09-11 23:56:39.297000+07:00,,,,,,,,,,,,,,,,,,,,,,,,,29.81,,,101.36
2026-09-12 00:56:39.297000+07:00,27.15,27.9,27.5,27.4,25.7,96.6,96.2,98.9,98.95,97.4,0.0,,,,,,,,,,,,,,29.725,,,101.34
2026-09-12 01:56:39.297000+07:00,,,,,,,,,,,,,,,,,,,,,,,,638.0,29.59,,,101.28
2026-09-12 02:56:39.297000+07:00,,,,,,,,,,,,,,,,,,,,,,,,634.5,29.759999999999998,-6.0,4.4,101.195
2026-09-12 03:56:39.297000+07:00,,,,,,,,,,,,,,,,,,,,,,,,629.0,29.54,,,101.17
2026-09-12 04:56:39.297000+07:00,,,,,,,,,,,,,,,,,,,,,,,,,29.5,,,101.17
2026-09-12 05:56:39.297000+07:00,26.9,27.7,27.3,27.1,25.4,97.1,96.4,99.2,99.3,97.3,0.0,,,,,,,,,,,,,,29.45,,,
2026-09-12 06:56:39.297000+07:00,26.9,,,,,97.1,,,,,0.0,,,,,,,,,,,,,615.0,29.44,,,101.28
2026-09-12 07:56:39.297000+07:00,,,,,,,,,,,,,,,,,,,,,,,,611.0,29.435000000000002,-6.0,4.35,101.375
2026-09-12 08:56:39.297000+07:00,,,,,,,,,,,,,,,,,,,,,,,,603.0,29.65,,,101.42
2026-09-12 09:56:39.297000+07:00,27.35,26.15,26.65,26.4,29.4,77.85,78.25,81.0,81.0,80.7,0.0,,,,,,,,,,,,,697.5,26.375,83.07,0.575,101.255
2026-09-12 10:56:39.297000+07:00,,,,,,,,,,,,33.898097446986604,56.240408761160715,1.2428677678108215,7.253253323691232,51.10030473981585,,,,,,,,1176.0,,,,
2026-09-12 11:56:39.297000+07:00,,,,,,,,,,,,32.7044677734375,53.786892361111114,0.8946862101554871,7.045616520775689,51.40598254733615,,,,,,,,1090.6666666666667,24.405,68.9,0.95,101.06
2026-09-12 12:56:39.297000+07:00,,,,,,,,,,,,32.430637904575896,51.85546875,1.741238683462143,6.937708990914481,50.376002720424104,1.0,0.0,,,,,,1043.0,23.41,-6.0,3.05,100.93
2026-09-12 13:56:39.297000+07:00,,,,,,,,,,,,33.070709228515625,51.904296875,1.94329993724823,6.617867660522461,50.1093032836914,1.0,0.0,,,,,,759.0,25.36,33.915,2.125,100.89500000000001
2026-09-12 14:56:39.297000+07:00,27.85,23.6,23.85,24.1,32.650000000000006,67.6,61.85,61.15,60.3,63.400000000000006,0.0,33.27892303466797,50.6744384765625,1.6799554973840714,6.585682272911072,49.9656286239624,1.0,33.0,,,,,,948.3333333333334,24.845,64.81,1.105,100.71000000000001
2026-09-12 15:56:39.297000+07:00,,,,,,,,,,,,33.793233235677086,49.28114149305556,1.7280062834421794,6.490959273444282,49.99817148844401,1.0,33.0,32.4896240234375,51.055908203125,1.0315832644701004,7.145211040973663,52.79780387878418,,,,,
2026-09-12 16:56:39.297000+07:00,,,,,,,,,,,,33.154296875,46.360015869140625,1.7439679205417633,6.270512282848358,49.72422933578491,,,31.554298400878906,49.536895751953125,1.0229497253894806,7.148282766342163,52.56404495239258,1102.0,23.295,57.83,1.205,100.625
2026-09-12 17:56:39.297000+07:00,,,,,,,,,,,,32.51983642578125,43.98890904017857,1.7355676548821586,5.949273858751569,49.28867612566267,1.0,33.0,31.870269775390625,47.55706787109375,1.0122587233781815,7.135075271129608,52.403897762298584,,21.865000000000002,57.43,1.12,100.6
2026-09-12 18:56:39.297000+07:00,,,,,,,,,,,,32.06866455078125,43.85009765625,1.7608890295028687,5.777421951293945,49.103136444091795,,,32.22576904296875,46.96533203125,1.0124604105949402,7.138108444213867,52.318548583984374,,,,,
2026-09-12 19:56:39.297000+07:00,,,,,,,,,,,,32.4493408203125,44.622802734375,1.7689167923397489,5.762487305535211,49.237189822726776,,,32.373809814453125,46.73095703125,1.0100722134113311,7.121842575073242,52.513583755493165,,24.365000000000002,33.86,2.01,101.1
2026-09-12 20:56:39.297000+07:00,,,,,,,,,,,,32.666422526041664,44.81336805555556,1.7943894863128662,5.755179458194309,49.46250534057617,1.0,33.0,32.615966796875,46.70521129261363,1.0136707723140717,7.122576323422519,52.61588495427912,915.0,24.48,-6.0,3.26,101.14
2026-09-12 21:56:39.297000+07:00,26.3,20.5,21.5,21.7,27.85,69.9,48.0,46.4,45.4,89.0,0.0,31.862996419270832,42.203097873263886,1.7890965011384752,5.684989505343967,49.6082878112793,,,32.192535400390625,45.55206298828125,1.0098785161972046,7.146551311016083,52.30254888534546,861.0,21.369999999999997,55.894999999999996,1.12,100.96000000000001
2026-09-12 22:56:39.297000+07:00,,,,,,,,,,,,31.698346819196427,44.32460239955357,1.7720753805977958,5.713582720075335,49.255986894880024,,,31.7645263671875,46.270751953125,0.9949782987435659,7.143431007862091,52.3512225151062,,,,,
2026-09-12 23:56:39.297000+07:00,,,,,,,,,,,,32.035179138183594,47.150421142578125,1.7738652527332306,5.729676067829132,49.07214021682739,,,31.65752410888672,47.66387939453125,1.0079880101340157,7.128261566162109,52.53388452529907,848.5,24.295,83.035,0.515,101.30000000000001
2026-09-13 00:56:39.297000+07:00,,,,,,,,,,,,31.946919759114582,48.208957248263886,1.766711460219489,5.7427173720465765,48.725314670138886,,,31.604512532552082,48.604329427083336,1.0080803292138236,7.145682017008464,52.55270343356662,818.0,23.055,75.745,0.66,101.1
2026-09-13 01:56:39.297000+07:00,,,,,,,,,,,,31.735432942708332,47.72813585069444,1.7565113570955064,5.6969607671101885,48.52190187242296,,,31.631088256835938,48.3612060546875,1.008864096232823,7.150175929069519,52.45285749435425,793.0,21.99,81.12,0.5,101.13
2026-09-13 02:56:39.297000+07:00,24.45,20.65,21.05,21.2,26.4,75.75,85.0,82.95,77.9,91.5,0.0,31.64997100830078,47.930908203125,1.7465730905532837,5.683370530605316,48.343852519989014,,,31.575698852539062,48.406982421875,1.0011642078558605,7.147532165050507,52.4576301574707,773.5,23.04,82.65,0.49,101.13
2026-09-13 03:56:39.297000+07:00,,,,,,,,,,,,31.958389282226562,49.40643310546875,1.7463249862194061,5.668214917182922,47.760467529296875,,,31.685218811035156,49.1790771484375,1.0104029327630997,7.150058925151825,52.65036630630493,751.5,23.375,33.795,1.9649999999999999,101.045
2026-09-13 04:56:39.297000+07:00,,,,,,,,,,,,31.894439697265625,50.1239013671875,1.7429755449295044,5.679306364059448,47.97064628601074,,,31.62353515625,49.801974826388886,1.006113092104594,7.158713923560248,52.669787089029946,741.5,23.665,83.345,0.485,101.09
2026-09-13 05:56:39.297000+07:00,,,,,,,,,,,,31.691009521484375,49.0924072265625,1.7461017489433288,5.697694921493531,48.549790954589845,,,31.621297200520832,49.46221245659722,1.007066011428833,7.154408137003581,52.54948933919271,,22.98,91.125,0.25,101.215
2026-09-13 06:56:39.297000+07:00,,,,,,,,,,,,31.702662876674108,48.904854910714285,1.742372921534947,5.716330051422119,48.64571871076311,,,31.571922302246094,49.2889404296875,0.999389111995697,7.158019244670868,52.55029106140137,690.0,24.08,81.99,0.54,101.27
2026-09-13 07:56:39.297000+07:00,24.549999999999997,21.75,22.0,22.2,26.8,79.4,74.7,81.3,80.2,91.6,0.0,32.080078125,49.227566189236114,1.7396949662102594,5.731679916381836,48.4694446987576,,,31.62445068359375,49.57774769176137,1.00745789706707,7.162935863841664,52.707669691606,886.5,24.04,88.31,0.35,101.37
2026-09-13 08:56:39.297000+07:00,,,,,,,,,,,,32.412078857421875,47.1954345703125,1.750716459751129,5.7319506168365475,48.32055320739746,,,31.74816131591797,48.7091064453125,1.0101089988436018,7.1663384437561035,52.71499681472778,1061.6666666666667,23.73,75.125,0.73,101.27
